[28-May-2026 12:07:41 UTC] PHP Warning:  Trying to access array offset on value of type bool in C:\Users\navne\Local Sites\acm-local\app\public\wp-content\themes\src\widgets\Dashboard.php on line 62
[28-May-2026 12:10:02 UTC] PHP Warning:  Undefined array key "uid" in C:\Users\navne\Local Sites\acm-local\app\public\wp-content\plugins\meeting-scheduler-by-vcita\vcita-widgets-functions.php on line 45
[28-May-2026 12:23:06 UTC] PHP Warning:  Undefined array key "uid" in C:\Users\navne\Local Sites\acm-local\app\public\wp-content\plugins\meeting-scheduler-by-vcita\vcita-widgets-functions.php on line 45
[28-May-2026 12:23:09 UTC] PHP Warning:  Undefined array key "uid" in C:\Users\navne\Local Sites\acm-local\app\public\wp-content\plugins\meeting-scheduler-by-vcita\vcita-widgets-functions.php on line 45
[28-May-2026 12:31:07 UTC] PHP Warning:  Undefined array key "uid" in C:\Users\navne\Local Sites\acm-local\app\public\wp-content\plugins\meeting-scheduler-by-vcita\vcita-widgets-functions.php on line 45
[28-May-2026 12:31:52 UTC] PHP Warning:  Undefined array key "uid" in C:\Users\navne\Local Sites\acm-local\app\public\wp-content\plugins\meeting-scheduler-by-vcita\vcita-widgets-functions.php on line 45
[28-May-2026 12:33:11 UTC] PHP Warning:  Undefined array key "uid" in C:\Users\navne\Local Sites\acm-local\app\public\wp-content\plugins\meeting-scheduler-by-vcita\vcita-widgets-functions.php on line 45
[28-May-2026 12:36:06 UTC] PHP Warning:  Undefined array key "uid" in C:\Users\navne\Local Sites\acm-local\app\public\wp-content\plugins\meeting-scheduler-by-vcita\vcita-widgets-functions.php on line 45
[28-May-2026 12:36:50 UTC] PHP Warning:  Undefined array key "uid" in C:\Users\navne\Local Sites\acm-local\app\public\wp-content\plugins\meeting-scheduler-by-vcita\vcita-widgets-functions.php on line 45
[28-May-2026 12:43:05 UTC] PHP Warning:  Undefined array key "uid" in C:\Users\navne\Local Sites\acm-local\app\public\wp-content\plugins\meeting-scheduler-by-vcita\vcita-widgets-functions.php on line 45
[28-May-2026 12:46:14 UTC] PHP Warning:  Undefined array key "uid" in C:\Users\navne\Local Sites\acm-local\app\public\wp-content\plugins\meeting-scheduler-by-vcita\vcita-widgets-functions.php on line 45
[28-May-2026 12:46:31 UTC] PHP Warning:  Undefined array key "uid" in C:\Users\navne\Local Sites\acm-local\app\public\wp-content\plugins\meeting-scheduler-by-vcita\vcita-widgets-functions.php on line 45
[28-May-2026 12:47:45 UTC] PHP Warning:  Undefined array key "uid" in C:\Users\navne\Local Sites\acm-local\app\public\wp-content\plugins\meeting-scheduler-by-vcita\vcita-widgets-functions.php on line 45
[28-May-2026 13:02:29 UTC] PHP Warning:  Undefined array key "uid" in C:\Users\navne\Local Sites\acm-local\app\public\wp-content\plugins\meeting-scheduler-by-vcita\vcita-widgets-functions.php on line 45
[29-May-2026 04:13:58 UTC] PHP Warning:  Undefined array key "uid" in C:\Users\navne\Local Sites\acm-local\app\public\wp-content\plugins\meeting-scheduler-by-vcita\vcita-widgets-functions.php on line 45
[29-May-2026 04:18:55 UTC] PHP Warning:  Undefined array key "uid" in C:\Users\navne\Local Sites\acm-local\app\public\wp-content\plugins\meeting-scheduler-by-vcita\vcita-widgets-functions.php on line 45
[29-May-2026 04:42:09 UTC] PHP Warning:  Undefined array key "uid" in C:\Users\navne\Local Sites\acm-local\app\public\wp-content\plugins\meeting-scheduler-by-vcita\vcita-widgets-functions.php on line 45
[29-May-2026 04:44:52 UTC] PHP Warning:  Undefined array key "uid" in C:\Users\navne\Local Sites\acm-local\app\public\wp-content\plugins\meeting-scheduler-by-vcita\vcita-widgets-functions.php on line 45
[29-May-2026 04:44:52 UTC] PHP Warning:  Undefined array key "uid" in C:\Users\navne\Local Sites\acm-local\app\public\wp-content\plugins\meeting-scheduler-by-vcita\vcita-widgets-functions.php on line 45
[29-May-2026 04:44:56 UTC] PHP Warning:  Undefined array key "uid" in C:\Users\navne\Local Sites\acm-local\app\public\wp-content\plugins\meeting-scheduler-by-vcita\vcita-widgets-functions.php on line 45
[29-May-2026 04:44:59 UTC] PHP Warning:  Undefined array key "uid" in C:\Users\navne\Local Sites\acm-local\app\public\wp-content\plugins\meeting-scheduler-by-vcita\vcita-widgets-functions.php on line 45
[29-May-2026 04:44:59 UTC] PHP Warning:  Undefined array key "uid" in C:\Users\navne\Local Sites\acm-local\app\public\wp-content\plugins\meeting-scheduler-by-vcita\vcita-widgets-functions.php on line 45
[29-May-2026 04:45:00 UTC] PHP Warning:  Undefined array key "uid" in C:\Users\navne\Local Sites\acm-local\app\public\wp-content\plugins\meeting-scheduler-by-vcita\vcita-widgets-functions.php on line 45
[29-May-2026 04:45:00 UTC] PHP Warning:  Undefined array key "uid" in C:\Users\navne\Local Sites\acm-local\app\public\wp-content\plugins\meeting-scheduler-by-vcita\vcita-widgets-functions.php on line 45
[29-May-2026 04:45:00 UTC] PHP Warning:  Undefined array key "uid" in C:\Users\navne\Local Sites\acm-local\app\public\wp-content\plugins\meeting-scheduler-by-vcita\vcita-widgets-functions.php on line 45
[29-May-2026 04:45:00 UTC] PHP Warning:  Undefined array key "uid" in C:\Users\navne\Local Sites\acm-local\app\public\wp-content\plugins\meeting-scheduler-by-vcita\vcita-widgets-functions.php on line 45
[29-May-2026 04:45:00 UTC] PHP Warning:  Undefined array key "uid" in C:\Users\navne\Local Sites\acm-local\app\public\wp-content\plugins\meeting-scheduler-by-vcita\vcita-widgets-functions.php on line 45
[29-May-2026 04:45:16 UTC] PHP Warning:  Undefined array key "uid" in C:\Users\navne\Local Sites\acm-local\app\public\wp-content\plugins\meeting-scheduler-by-vcita\vcita-widgets-functions.php on line 45
[29-May-2026 04:48:36 UTC] PHP Warning:  Undefined array key "uid" in C:\Users\navne\Local Sites\acm-local\app\public\wp-content\plugins\meeting-scheduler-by-vcita\vcita-widgets-functions.php on line 45
[29-May-2026 04:48:39 UTC] PHP Warning:  Undefined array key "uid" in C:\Users\navne\Local Sites\acm-local\app\public\wp-content\plugins\meeting-scheduler-by-vcita\vcita-widgets-functions.php on line 45
[29-May-2026 04:48:55 UTC] PHP Warning:  Undefined array key "uid" in C:\Users\navne\Local Sites\acm-local\app\public\wp-content\plugins\meeting-scheduler-by-vcita\vcita-widgets-functions.php on line 45
[29-May-2026 04:49:16 UTC] PHP Warning:  Undefined array key "uid" in C:\Users\navne\Local Sites\acm-local\app\public\wp-content\plugins\meeting-scheduler-by-vcita\vcita-widgets-functions.php on line 45
[29-May-2026 04:49:28 UTC] PHP Warning:  Undefined array key "uid" in C:\Users\navne\Local Sites\acm-local\app\public\wp-content\plugins\meeting-scheduler-by-vcita\vcita-widgets-functions.php on line 45
[29-May-2026 04:56:15 UTC] PHP Warning:  Undefined array key "uid" in C:\Users\navne\Local Sites\acm-local\app\public\wp-content\plugins\meeting-scheduler-by-vcita\vcita-widgets-functions.php on line 45
[29-May-2026 04:56:20 UTC] PHP Warning:  Undefined array key "uid" in C:\Users\navne\Local Sites\acm-local\app\public\wp-content\plugins\meeting-scheduler-by-vcita\vcita-widgets-functions.php on line 45
[29-May-2026 04:56:44 UTC] PHP Warning:  Undefined array key "uid" in C:\Users\navne\Local Sites\acm-local\app\public\wp-content\plugins\meeting-scheduler-by-vcita\vcita-widgets-functions.php on line 45
[29-May-2026 05:01:24 UTC] PHP Warning:  Undefined array key "uid" in C:\Users\navne\Local Sites\acm-local\app\public\wp-content\plugins\meeting-scheduler-by-vcita\vcita-widgets-functions.php on line 45
[29-May-2026 05:05:26 UTC] PHP Warning:  Undefined array key "uid" in C:\Users\navne\Local Sites\acm-local\app\public\wp-content\plugins\meeting-scheduler-by-vcita\vcita-widgets-functions.php on line 45
[29-May-2026 05:09:21 UTC] PHP Warning:  Undefined array key "uid" in C:\Users\navne\Local Sites\acm-local\app\public\wp-content\plugins\meeting-scheduler-by-vcita\vcita-widgets-functions.php on line 45
[29-May-2026 05:10:22 UTC] PHP Warning:  Undefined array key "uid" in C:\Users\navne\Local Sites\acm-local\app\public\wp-content\plugins\meeting-scheduler-by-vcita\vcita-widgets-functions.php on line 45
[29-May-2026 05:10:58 UTC] PHP Warning:  Undefined array key "uid" in C:\Users\navne\Local Sites\acm-local\app\public\wp-content\plugins\meeting-scheduler-by-vcita\vcita-widgets-functions.php on line 45
[29-May-2026 05:11:23 UTC] PHP Warning:  Undefined array key "uid" in C:\Users\navne\Local Sites\acm-local\app\public\wp-content\plugins\meeting-scheduler-by-vcita\vcita-widgets-functions.php on line 45
[29-May-2026 05:13:23 UTC] PHP Warning:  Undefined array key "uid" in C:\Users\navne\Local Sites\acm-local\app\public\wp-content\plugins\meeting-scheduler-by-vcita\vcita-widgets-functions.php on line 45
[29-May-2026 05:14:03 UTC] PHP Warning:  Undefined array key "uid" in C:\Users\navne\Local Sites\acm-local\app\public\wp-content\plugins\meeting-scheduler-by-vcita\vcita-widgets-functions.php on line 45
[29-May-2026 05:14:39 UTC] PHP Warning:  Undefined array key "uid" in C:\Users\navne\Local Sites\acm-local\app\public\wp-content\plugins\meeting-scheduler-by-vcita\vcita-widgets-functions.php on line 45
[29-May-2026 05:21:57 UTC] PHP Warning:  Undefined array key "uid" in C:\Users\navne\Local Sites\acm-local\app\public\wp-content\plugins\meeting-scheduler-by-vcita\vcita-widgets-functions.php on line 45
[29-May-2026 05:23:38 UTC] PHP Warning:  Undefined array key "uid" in C:\Users\navne\Local Sites\acm-local\app\public\wp-content\plugins\meeting-scheduler-by-vcita\vcita-widgets-functions.php on line 45
[29-May-2026 05:24:29 UTC] PHP Warning:  Undefined array key "uid" in C:\Users\navne\Local Sites\acm-local\app\public\wp-content\plugins\meeting-scheduler-by-vcita\vcita-widgets-functions.php on line 45
[29-May-2026 05:25:12 UTC] PHP Warning:  Undefined array key "uid" in C:\Users\navne\Local Sites\acm-local\app\public\wp-content\plugins\meeting-scheduler-by-vcita\vcita-widgets-functions.php on line 45
[29-May-2026 05:27:10 UTC] PHP Warning:  Undefined array key "uid" in C:\Users\navne\Local Sites\acm-local\app\public\wp-content\plugins\meeting-scheduler-by-vcita\vcita-widgets-functions.php on line 45
[29-May-2026 05:27:20 UTC] PHP Warning:  Undefined array key "uid" in C:\Users\navne\Local Sites\acm-local\app\public\wp-content\plugins\meeting-scheduler-by-vcita\vcita-widgets-functions.php on line 45
[29-May-2026 05:27:47 UTC] PHP Warning:  Undefined array key "uid" in C:\Users\navne\Local Sites\acm-local\app\public\wp-content\plugins\meeting-scheduler-by-vcita\vcita-widgets-functions.php on line 45
[29-May-2026 05:27:52 UTC] PHP Warning:  Undefined array key "uid" in C:\Users\navne\Local Sites\acm-local\app\public\wp-content\plugins\meeting-scheduler-by-vcita\vcita-widgets-functions.php on line 45
[29-May-2026 05:34:16 UTC] PHP Warning:  Undefined array key "uid" in C:\Users\navne\Local Sites\acm-local\app\public\wp-content\plugins\meeting-scheduler-by-vcita\vcita-widgets-functions.php on line 45
[29-May-2026 06:13:34 UTC] PHP Warning:  Undefined array key "uid" in C:\Users\navne\Local Sites\acm-local\app\public\wp-content\plugins\meeting-scheduler-by-vcita\vcita-widgets-functions.php on line 45
[29-May-2026 06:15:32 UTC] PHP Warning:  Undefined array key "uid" in C:\Users\navne\Local Sites\acm-local\app\public\wp-content\plugins\meeting-scheduler-by-vcita\vcita-widgets-functions.php on line 45
[29-May-2026 06:15:50 UTC] PHP Warning:  Undefined array key "uid" in C:\Users\navne\Local Sites\acm-local\app\public\wp-content\plugins\meeting-scheduler-by-vcita\vcita-widgets-functions.php on line 45
[29-May-2026 06:15:54 UTC] PHP Warning:  Undefined array key "uid" in C:\Users\navne\Local Sites\acm-local\app\public\wp-content\plugins\meeting-scheduler-by-vcita\vcita-widgets-functions.php on line 45
[29-May-2026 06:16:23 UTC] PHP Warning:  Undefined array key "uid" in C:\Users\navne\Local Sites\acm-local\app\public\wp-content\plugins\meeting-scheduler-by-vcita\vcita-widgets-functions.php on line 45
[29-May-2026 06:25:37 UTC] PHP Warning:  Undefined array key "uid" in C:\Users\navne\Local Sites\acm-local\app\public\wp-content\plugins\meeting-scheduler-by-vcita\vcita-widgets-functions.php on line 45
[29-May-2026 06:25:40 UTC] PHP Warning:  Undefined array key "uid" in C:\Users\navne\Local Sites\acm-local\app\public\wp-content\plugins\meeting-scheduler-by-vcita\vcita-widgets-functions.php on line 45
[29-May-2026 06:25:40 UTC] PHP Warning:  Undefined array key "uid" in C:\Users\navne\Local Sites\acm-local\app\public\wp-content\plugins\meeting-scheduler-by-vcita\vcita-widgets-functions.php on line 45
[29-May-2026 06:25:42 UTC] PHP Warning:  Undefined array key "uid" in C:\Users\navne\Local Sites\acm-local\app\public\wp-content\plugins\meeting-scheduler-by-vcita\vcita-widgets-functions.php on line 45
[29-May-2026 06:28:01 UTC] PHP Warning:  Undefined array key "uid" in C:\Users\navne\Local Sites\acm-local\app\public\wp-content\plugins\meeting-scheduler-by-vcita\vcita-widgets-functions.php on line 45
[29-May-2026 06:29:56 UTC] PHP Warning:  Undefined array key "uid" in C:\Users\navne\Local Sites\acm-local\app\public\wp-content\plugins\meeting-scheduler-by-vcita\vcita-widgets-functions.php on line 45
[29-May-2026 06:30:17 UTC] PHP Warning:  Undefined array key "uid" in C:\Users\navne\Local Sites\acm-local\app\public\wp-content\plugins\meeting-scheduler-by-vcita\vcita-widgets-functions.php on line 45
[29-May-2026 06:30:21 UTC] PHP Warning:  Undefined array key "uid" in C:\Users\navne\Local Sites\acm-local\app\public\wp-content\plugins\meeting-scheduler-by-vcita\vcita-widgets-functions.php on line 45
[29-May-2026 06:30:45 UTC] PHP Warning:  Undefined array key "uid" in C:\Users\navne\Local Sites\acm-local\app\public\wp-content\plugins\meeting-scheduler-by-vcita\vcita-widgets-functions.php on line 45
[29-May-2026 06:31:21 UTC] PHP Warning:  Undefined array key "uid" in C:\Users\navne\Local Sites\acm-local\app\public\wp-content\plugins\meeting-scheduler-by-vcita\vcita-widgets-functions.php on line 45
[29-May-2026 06:39:38 UTC] PHP Warning:  Undefined array key "uid" in C:\Users\navne\Local Sites\acm-local\app\public\wp-content\plugins\meeting-scheduler-by-vcita\vcita-widgets-functions.php on line 45
[29-May-2026 06:46:56 UTC] PHP Warning:  Undefined array key "uid" in C:\Users\navne\Local Sites\acm-local\app\public\wp-content\plugins\meeting-scheduler-by-vcita\vcita-widgets-functions.php on line 45
[29-May-2026 06:49:57 UTC] PHP Warning:  Undefined array key "uid" in C:\Users\navne\Local Sites\acm-local\app\public\wp-content\plugins\meeting-scheduler-by-vcita\vcita-widgets-functions.php on line 45
[29-May-2026 06:50:01 UTC] PHP Warning:  Undefined array key "uid" in C:\Users\navne\Local Sites\acm-local\app\public\wp-content\plugins\meeting-scheduler-by-vcita\vcita-widgets-functions.php on line 45
[29-May-2026 06:50:24 UTC] PHP Warning:  Undefined array key "uid" in C:\Users\navne\Local Sites\acm-local\app\public\wp-content\plugins\meeting-scheduler-by-vcita\vcita-widgets-functions.php on line 45
[29-May-2026 06:57:42 UTC] PHP Warning:  Undefined array key "uid" in C:\Users\navne\Local Sites\acm-local\app\public\wp-content\plugins\meeting-scheduler-by-vcita\vcita-widgets-functions.php on line 45
[29-May-2026 06:58:54 UTC] PHP Warning:  Undefined array key "uid" in C:\Users\navne\Local Sites\acm-local\app\public\wp-content\plugins\meeting-scheduler-by-vcita\vcita-widgets-functions.php on line 45
[29-May-2026 07:03:18 UTC] PHP Warning:  Undefined array key "uid" in C:\Users\navne\Local Sites\acm-local\app\public\wp-content\plugins\meeting-scheduler-by-vcita\vcita-widgets-functions.php on line 45
[29-May-2026 07:03:21 UTC] PHP Warning:  Undefined array key "uid" in C:\Users\navne\Local Sites\acm-local\app\public\wp-content\plugins\meeting-scheduler-by-vcita\vcita-widgets-functions.php on line 45
[29-May-2026 07:03:21 UTC] PHP Warning:  Undefined array key "uid" in C:\Users\navne\Local Sites\acm-local\app\public\wp-content\plugins\meeting-scheduler-by-vcita\vcita-widgets-functions.php on line 45
[29-May-2026 07:03:22 UTC] PHP Warning:  Undefined array key "uid" in C:\Users\navne\Local Sites\acm-local\app\public\wp-content\plugins\meeting-scheduler-by-vcita\vcita-widgets-functions.php on line 45
[29-May-2026 07:03:22 UTC] PHP Warning:  Undefined array key "uid" in C:\Users\navne\Local Sites\acm-local\app\public\wp-content\plugins\meeting-scheduler-by-vcita\vcita-widgets-functions.php on line 45
[29-May-2026 07:03:22 UTC] PHP Warning:  Undefined array key "uid" in C:\Users\navne\Local Sites\acm-local\app\public\wp-content\plugins\meeting-scheduler-by-vcita\vcita-widgets-functions.php on line 45
[29-May-2026 07:03:23 UTC] PHP Warning:  Undefined array key "uid" in C:\Users\navne\Local Sites\acm-local\app\public\wp-content\plugins\meeting-scheduler-by-vcita\vcita-widgets-functions.php on line 45
[29-May-2026 07:03:23 UTC] PHP Warning:  Undefined array key "uid" in C:\Users\navne\Local Sites\acm-local\app\public\wp-content\plugins\meeting-scheduler-by-vcita\vcita-widgets-functions.php on line 45
[29-May-2026 07:03:23 UTC] PHP Warning:  Undefined array key "uid" in C:\Users\navne\Local Sites\acm-local\app\public\wp-content\plugins\meeting-scheduler-by-vcita\vcita-widgets-functions.php on line 45
[29-May-2026 07:03:23 UTC] PHP Warning:  Undefined array key "uid" in C:\Users\navne\Local Sites\acm-local\app\public\wp-content\plugins\meeting-scheduler-by-vcita\vcita-widgets-functions.php on line 45
[29-May-2026 07:03:23 UTC] PHP Warning:  Undefined array key "uid" in C:\Users\navne\Local Sites\acm-local\app\public\wp-content\plugins\meeting-scheduler-by-vcita\vcita-widgets-functions.php on line 45
[29-May-2026 07:03:23 UTC] PHP Warning:  Undefined array key "uid" in C:\Users\navne\Local Sites\acm-local\app\public\wp-content\plugins\meeting-scheduler-by-vcita\vcita-widgets-functions.php on line 45
[29-May-2026 07:03:24 UTC] PHP Warning:  Undefined array key "uid" in C:\Users\navne\Local Sites\acm-local\app\public\wp-content\plugins\meeting-scheduler-by-vcita\vcita-widgets-functions.php on line 45
[29-May-2026 07:03:24 UTC] PHP Warning:  Undefined array key "uid" in C:\Users\navne\Local Sites\acm-local\app\public\wp-content\plugins\meeting-scheduler-by-vcita\vcita-widgets-functions.php on line 45
[29-May-2026 07:03:24 UTC] PHP Warning:  Undefined array key "uid" in C:\Users\navne\Local Sites\acm-local\app\public\wp-content\plugins\meeting-scheduler-by-vcita\vcita-widgets-functions.php on line 45
[29-May-2026 07:03:24 UTC] PHP Warning:  Undefined array key "uid" in C:\Users\navne\Local Sites\acm-local\app\public\wp-content\plugins\meeting-scheduler-by-vcita\vcita-widgets-functions.php on line 45
[29-May-2026 07:03:39 UTC] PHP Warning:  Undefined array key "uid" in C:\Users\navne\Local Sites\acm-local\app\public\wp-content\plugins\meeting-scheduler-by-vcita\vcita-widgets-functions.php on line 45
[29-May-2026 07:06:44 UTC] PHP Warning:  Undefined array key "uid" in C:\Users\navne\Local Sites\acm-local\app\public\wp-content\plugins\meeting-scheduler-by-vcita\vcita-widgets-functions.php on line 45
[29-May-2026 07:06:51 UTC] PHP Warning:  Undefined array key "uid" in C:\Users\navne\Local Sites\acm-local\app\public\wp-content\plugins\meeting-scheduler-by-vcita\vcita-widgets-functions.php on line 45
[29-May-2026 07:07:31 UTC] PHP Warning:  Undefined array key "uid" in C:\Users\navne\Local Sites\acm-local\app\public\wp-content\plugins\meeting-scheduler-by-vcita\vcita-widgets-functions.php on line 45
[29-May-2026 07:08:08 UTC] PHP Warning:  Undefined array key "uid" in C:\Users\navne\Local Sites\acm-local\app\public\wp-content\plugins\meeting-scheduler-by-vcita\vcita-widgets-functions.php on line 45
[29-May-2026 07:08:40 UTC] PHP Warning:  Undefined array key "uid" in C:\Users\navne\Local Sites\acm-local\app\public\wp-content\plugins\meeting-scheduler-by-vcita\vcita-widgets-functions.php on line 45
[29-May-2026 07:15:03 UTC] PHP Warning:  Undefined array key "uid" in C:\Users\navne\Local Sites\acm-local\app\public\wp-content\plugins\meeting-scheduler-by-vcita\vcita-widgets-functions.php on line 45
[29-May-2026 07:16:05 UTC] PHP Warning:  Undefined array key "uid" in C:\Users\navne\Local Sites\acm-local\app\public\wp-content\plugins\meeting-scheduler-by-vcita\vcita-widgets-functions.php on line 45
[29-May-2026 07:16:10 UTC] PHP Warning:  Undefined array key "uid" in C:\Users\navne\Local Sites\acm-local\app\public\wp-content\plugins\meeting-scheduler-by-vcita\vcita-widgets-functions.php on line 45
[29-May-2026 07:16:24 UTC] PHP Warning:  Undefined array key "uid" in C:\Users\navne\Local Sites\acm-local\app\public\wp-content\plugins\meeting-scheduler-by-vcita\vcita-widgets-functions.php on line 45
[29-May-2026 07:16:47 UTC] PHP Warning:  Undefined array key "uid" in C:\Users\navne\Local Sites\acm-local\app\public\wp-content\plugins\meeting-scheduler-by-vcita\vcita-widgets-functions.php on line 45
[29-May-2026 07:17:23 UTC] PHP Warning:  Undefined array key "uid" in C:\Users\navne\Local Sites\acm-local\app\public\wp-content\plugins\meeting-scheduler-by-vcita\vcita-widgets-functions.php on line 45
[29-May-2026 07:17:48 UTC] PHP Warning:  Undefined array key "uid" in C:\Users\navne\Local Sites\acm-local\app\public\wp-content\plugins\meeting-scheduler-by-vcita\vcita-widgets-functions.php on line 45
[29-May-2026 07:24:41 UTC] PHP Warning:  Undefined array key "uid" in C:\Users\navne\Local Sites\acm-local\app\public\wp-content\plugins\meeting-scheduler-by-vcita\vcita-widgets-functions.php on line 45
[29-May-2026 07:26:21 UTC] PHP Warning:  Undefined array key "uid" in C:\Users\navne\Local Sites\acm-local\app\public\wp-content\plugins\meeting-scheduler-by-vcita\vcita-widgets-functions.php on line 45
[29-May-2026 07:28:00 UTC] PHP Warning:  Undefined array key "uid" in C:\Users\navne\Local Sites\acm-local\app\public\wp-content\plugins\meeting-scheduler-by-vcita\vcita-widgets-functions.php on line 45
[29-May-2026 07:29:52 UTC] PHP Warning:  Undefined array key "uid" in C:\Users\navne\Local Sites\acm-local\app\public\wp-content\plugins\meeting-scheduler-by-vcita\vcita-widgets-functions.php on line 45
[29-May-2026 07:29:55 UTC] PHP Warning:  Undefined array key "uid" in C:\Users\navne\Local Sites\acm-local\app\public\wp-content\plugins\meeting-scheduler-by-vcita\vcita-widgets-functions.php on line 45
[29-May-2026 07:29:56 UTC] PHP Warning:  Undefined array key "uid" in C:\Users\navne\Local Sites\acm-local\app\public\wp-content\plugins\meeting-scheduler-by-vcita\vcita-widgets-functions.php on line 45
[29-May-2026 07:29:56 UTC] PHP Warning:  Undefined array key "uid" in C:\Users\navne\Local Sites\acm-local\app\public\wp-content\plugins\meeting-scheduler-by-vcita\vcita-widgets-functions.php on line 45
[29-May-2026 07:29:56 UTC] PHP Warning:  Undefined array key "uid" in C:\Users\navne\Local Sites\acm-local\app\public\wp-content\plugins\meeting-scheduler-by-vcita\vcita-widgets-functions.php on line 45
[29-May-2026 07:29:57 UTC] PHP Warning:  Undefined array key "uid" in C:\Users\navne\Local Sites\acm-local\app\public\wp-content\plugins\meeting-scheduler-by-vcita\vcita-widgets-functions.php on line 45
[29-May-2026 07:29:57 UTC] PHP Warning:  Undefined array key "uid" in C:\Users\navne\Local Sites\acm-local\app\public\wp-content\plugins\meeting-scheduler-by-vcita\vcita-widgets-functions.php on line 45
[29-May-2026 07:29:57 UTC] PHP Warning:  Undefined array key "uid" in C:\Users\navne\Local Sites\acm-local\app\public\wp-content\plugins\meeting-scheduler-by-vcita\vcita-widgets-functions.php on line 45
[29-May-2026 07:32:43 UTC] PHP Warning:  Undefined array key "uid" in C:\Users\navne\Local Sites\acm-local\app\public\wp-content\plugins\meeting-scheduler-by-vcita\vcita-widgets-functions.php on line 45
[29-May-2026 07:41:46 UTC] PHP Warning:  Undefined array key "uid" in C:\Users\navne\Local Sites\acm-local\app\public\wp-content\plugins\meeting-scheduler-by-vcita\vcita-widgets-functions.php on line 45
[29-May-2026 07:42:08 UTC] PHP Warning:  Undefined array key "uid" in C:\Users\navne\Local Sites\acm-local\app\public\wp-content\plugins\meeting-scheduler-by-vcita\vcita-widgets-functions.php on line 45
[29-May-2026 07:44:31 UTC] PHP Warning:  Undefined array key "uid" in C:\Users\navne\Local Sites\acm-local\app\public\wp-content\plugins\meeting-scheduler-by-vcita\vcita-widgets-functions.php on line 45
[29-May-2026 07:47:38 UTC] PHP Warning:  Undefined array key "uid" in C:\Users\navne\Local Sites\acm-local\app\public\wp-content\plugins\meeting-scheduler-by-vcita\vcita-widgets-functions.php on line 45
[29-May-2026 07:51:48 UTC] PHP Parse error:  syntax error, unexpected token "<", expecting end of file in E:\acmwindia\acm\index.php on line 16
[29-May-2026 07:51:53 UTC] PHP Parse error:  syntax error, unexpected token "<", expecting end of file in E:\acmwindia\acm\index.php on line 16
[29-May-2026 07:51:54 UTC] PHP Parse error:  syntax error, unexpected token "<", expecting end of file in E:\acmwindia\acm\index.php on line 16
[29-May-2026 07:51:54 UTC] PHP Parse error:  syntax error, unexpected token "<", expecting end of file in E:\acmwindia\acm\index.php on line 16
[29-May-2026 07:51:54 UTC] PHP Parse error:  syntax error, unexpected token "<", expecting end of file in E:\acmwindia\acm\index.php on line 16
[29-May-2026 07:52:48 UTC] PHP Warning:  Undefined array key "uid" in C:\Users\navne\Local Sites\acm-local\app\public\wp-content\plugins\meeting-scheduler-by-vcita\vcita-widgets-functions.php on line 45
[29-May-2026 07:53:06 UTC] PHP Warning:  Undefined array key "uid" in C:\Users\navne\Local Sites\acm-local\app\public\wp-content\plugins\meeting-scheduler-by-vcita\vcita-widgets-functions.php on line 45
[29-May-2026 07:58:56 UTC] PHP Warning:  Undefined array key "uid" in C:\Users\navne\Local Sites\acm-local\app\public\wp-content\plugins\meeting-scheduler-by-vcita\vcita-widgets-functions.php on line 45
[29-May-2026 08:04:20 UTC] PHP Warning:  Undefined array key "uid" in C:\Users\navne\Local Sites\acm-local\app\public\wp-content\plugins\meeting-scheduler-by-vcita\vcita-widgets-functions.php on line 45
[29-May-2026 08:09:39 UTC] PHP Warning:  Undefined array key "uid" in C:\Users\navne\Local Sites\acm-local\app\public\wp-content\plugins\meeting-scheduler-by-vcita\vcita-widgets-functions.php on line 45
[29-May-2026 08:10:46 UTC] PHP Warning:  Undefined array key "uid" in C:\Users\navne\Local Sites\acm-local\app\public\wp-content\plugins\meeting-scheduler-by-vcita\vcita-widgets-functions.php on line 45
[29-May-2026 08:17:05 UTC] PHP Warning:  Undefined array key "uid" in C:\Users\navne\Local Sites\acm-local\app\public\wp-content\plugins\meeting-scheduler-by-vcita\vcita-widgets-functions.php on line 45
[29-May-2026 08:26:51 UTC] PHP Warning:  Undefined array key "uid" in C:\Users\navne\Local Sites\acm-local\app\public\wp-content\plugins\meeting-scheduler-by-vcita\vcita-widgets-functions.php on line 45
[29-May-2026 08:27:04 UTC] PHP Warning:  Undefined array key "uid" in C:\Users\navne\Local Sites\acm-local\app\public\wp-content\plugins\meeting-scheduler-by-vcita\vcita-widgets-functions.php on line 45
[29-May-2026 08:28:44 UTC] PHP Warning:  Undefined array key "uid" in C:\Users\navne\Local Sites\acm-local\app\public\wp-content\plugins\meeting-scheduler-by-vcita\vcita-widgets-functions.php on line 45
[29-May-2026 08:33:59 UTC] PHP Warning:  Undefined array key "uid" in C:\Users\navne\Local Sites\acm-local\app\public\wp-content\plugins\meeting-scheduler-by-vcita\vcita-widgets-functions.php on line 45
[29-May-2026 08:35:21 UTC] PHP Warning:  Undefined array key "uid" in C:\Users\navne\Local Sites\acm-local\app\public\wp-content\plugins\meeting-scheduler-by-vcita\vcita-widgets-functions.php on line 45
[29-May-2026 08:50:10 UTC] PHP Warning:  Undefined array key "uid" in C:\Users\navne\Local Sites\acm-local\app\public\wp-content\plugins\meeting-scheduler-by-vcita\vcita-widgets-functions.php on line 45
[29-May-2026 09:00:23 UTC] PHP Warning:  Undefined array key "uid" in C:\Users\navne\Local Sites\acm-local\app\public\wp-content\plugins\meeting-scheduler-by-vcita\vcita-widgets-functions.php on line 45
[29-May-2026 09:00:48 UTC] PHP Warning:  Undefined array key "uid" in C:\Users\navne\Local Sites\acm-local\app\public\wp-content\plugins\meeting-scheduler-by-vcita\vcita-widgets-functions.php on line 45
[29-May-2026 09:01:01 UTC] PHP Warning:  Undefined array key "uid" in C:\Users\navne\Local Sites\acm-local\app\public\wp-content\plugins\meeting-scheduler-by-vcita\vcita-widgets-functions.php on line 45
[29-May-2026 09:03:12 UTC] PHP Warning:  Undefined array key "uid" in C:\Users\navne\Local Sites\acm-local\app\public\wp-content\plugins\meeting-scheduler-by-vcita\vcita-widgets-functions.php on line 45
[29-May-2026 09:07:10 UTC] PHP Warning:  Undefined array key "uid" in C:\Users\navne\Local Sites\acm-local\app\public\wp-content\plugins\meeting-scheduler-by-vcita\vcita-widgets-functions.php on line 45
[29-May-2026 09:09:28 UTC] PHP Warning:  Undefined array key "uid" in C:\Users\navne\Local Sites\acm-local\app\public\wp-content\plugins\meeting-scheduler-by-vcita\vcita-widgets-functions.php on line 45
[29-May-2026 09:29:42 UTC] PHP Warning:  Undefined array key "uid" in C:\Users\navne\Local Sites\acm-local\app\public\wp-content\plugins\meeting-scheduler-by-vcita\vcita-widgets-functions.php on line 45
[29-May-2026 09:33:00 UTC] PHP Warning:  Undefined array key "uid" in C:\Users\navne\Local Sites\acm-local\app\public\wp-content\plugins\meeting-scheduler-by-vcita\vcita-widgets-functions.php on line 45
[29-May-2026 10:11:10 UTC] PHP Warning:  Undefined array key "uid" in C:\Users\navne\Local Sites\acm-local\app\public\wp-content\plugins\meeting-scheduler-by-vcita\vcita-widgets-functions.php on line 45
[29-May-2026 10:23:23 UTC] PHP Warning:  Undefined array key "uid" in C:\Users\navne\Local Sites\acm-local\app\public\wp-content\plugins\meeting-scheduler-by-vcita\vcita-widgets-functions.php on line 45
[29-May-2026 10:31:38 UTC] PHP Warning:  Undefined array key "uid" in C:\Users\navne\Local Sites\acm-local\app\public\wp-content\plugins\meeting-scheduler-by-vcita\vcita-widgets-functions.php on line 45
[29-May-2026 10:51:58 UTC] PHP Warning:  Undefined array key "uid" in C:\Users\navne\Local Sites\acm-local\app\public\wp-content\plugins\meeting-scheduler-by-vcita\vcita-widgets-functions.php on line 45
[29-May-2026 10:58:11 UTC] PHP Warning:  Undefined array key "uid" in C:\Users\navne\Local Sites\acm-local\app\public\wp-content\plugins\meeting-scheduler-by-vcita\vcita-widgets-functions.php on line 45
[29-May-2026 11:08:29 UTC] PHP Warning:  Undefined array key "uid" in C:\Users\navne\Local Sites\acm-local\app\public\wp-content\plugins\meeting-scheduler-by-vcita\vcita-widgets-functions.php on line 45
[29-May-2026 11:20:47 UTC] PHP Warning:  Undefined array key "uid" in C:\Users\navne\Local Sites\acm-local\app\public\wp-content\plugins\meeting-scheduler-by-vcita\vcita-widgets-functions.php on line 45
[29-May-2026 11:25:39 UTC] PHP Warning:  Undefined array key "uid" in C:\Users\navne\Local Sites\acm-local\app\public\wp-content\plugins\meeting-scheduler-by-vcita\vcita-widgets-functions.php on line 45
[29-May-2026 11:37:03 UTC] PHP Warning:  Undefined array key "uid" in C:\Users\navne\Local Sites\acm-local\app\public\wp-content\plugins\meeting-scheduler-by-vcita\vcita-widgets-functions.php on line 45
[29-May-2026 11:48:39 UTC] PHP Warning:  Undefined array key "uid" in C:\Users\navne\Local Sites\acm-local\app\public\wp-content\plugins\meeting-scheduler-by-vcita\vcita-widgets-functions.php on line 45
[30-May-2026 10:08:55 UTC] PHP Warning:  Undefined array key "uid" in C:\Users\navne\Local Sites\acm-local\app\public\wp-content\plugins\meeting-scheduler-by-vcita\vcita-widgets-functions.php on line 45
[01-Jun-2026 08:21:14 UTC] PHP Warning:  Undefined array key "uid" in C:\Users\navne\Local Sites\acm-local\app\public\wp-content\plugins\meeting-scheduler-by-vcita\vcita-widgets-functions.php on line 45
[01-Jun-2026 08:23:37 UTC] PHP Warning:  Undefined array key "uid" in C:\Users\navne\Local Sites\acm-local\app\public\wp-content\plugins\meeting-scheduler-by-vcita\vcita-widgets-functions.php on line 45
[01-Jun-2026 08:24:30 UTC] PHP Warning:  Undefined array key "uid" in C:\Users\navne\Local Sites\acm-local\app\public\wp-content\plugins\meeting-scheduler-by-vcita\vcita-widgets-functions.php on line 45
[01-Jun-2026 08:26:31 UTC] PHP Warning:  Undefined array key "uid" in C:\Users\navne\Local Sites\acm-local\app\public\wp-content\plugins\meeting-scheduler-by-vcita\vcita-widgets-functions.php on line 45
[01-Jun-2026 09:01:09 UTC] PHP Warning:  Undefined array key "uid" in C:\Users\navne\Local Sites\acm-local\app\public\wp-content\plugins\meeting-scheduler-by-vcita\vcita-widgets-functions.php on line 45
[01-Jun-2026 09:03:41 UTC] PHP Warning:  Undefined array key "uid" in C:\Users\navne\Local Sites\acm-local\app\public\wp-content\plugins\meeting-scheduler-by-vcita\vcita-widgets-functions.php on line 45
[01-Jun-2026 09:05:28 UTC] PHP Warning:  Undefined array key "uid" in C:\Users\navne\Local Sites\acm-local\app\public\wp-content\plugins\meeting-scheduler-by-vcita\vcita-widgets-functions.php on line 45
[01-Jun-2026 09:05:48 UTC] PHP Warning:  Undefined array key "uid" in C:\Users\navne\Local Sites\acm-local\app\public\wp-content\plugins\meeting-scheduler-by-vcita\vcita-widgets-functions.php on line 45
[01-Jun-2026 09:07:42 UTC] PHP Warning:  Undefined array key "uid" in C:\Users\navne\Local Sites\acm-local\app\public\wp-content\plugins\meeting-scheduler-by-vcita\vcita-widgets-functions.php on line 45
[01-Jun-2026 09:09:32 UTC] PHP Warning:  Undefined array key "uid" in C:\Users\navne\Local Sites\acm-local\app\public\wp-content\plugins\meeting-scheduler-by-vcita\vcita-widgets-functions.php on line 45
[01-Jun-2026 09:11:38 UTC] PHP Warning:  Undefined array key "uid" in C:\Users\navne\Local Sites\acm-local\app\public\wp-content\plugins\meeting-scheduler-by-vcita\vcita-widgets-functions.php on line 45
[01-Jun-2026 09:12:40 UTC] PHP Warning:  Undefined array key "uid" in C:\Users\navne\Local Sites\acm-local\app\public\wp-content\plugins\meeting-scheduler-by-vcita\vcita-widgets-functions.php on line 45
[01-Jun-2026 09:13:47 UTC] PHP Warning:  Undefined array key "uid" in C:\Users\navne\Local Sites\acm-local\app\public\wp-content\plugins\meeting-scheduler-by-vcita\vcita-widgets-functions.php on line 45
[01-Jun-2026 09:14:38 UTC] PHP Warning:  Undefined array key "uid" in C:\Users\navne\Local Sites\acm-local\app\public\wp-content\plugins\meeting-scheduler-by-vcita\vcita-widgets-functions.php on line 45
[01-Jun-2026 09:32:55 UTC] PHP Warning:  Undefined array key "uid" in C:\Users\navne\Local Sites\acm-local\app\public\wp-content\plugins\meeting-scheduler-by-vcita\vcita-widgets-functions.php on line 45
[01-Jun-2026 09:33:10 UTC] PHP Warning:  Undefined array key "uid" in C:\Users\navne\Local Sites\acm-local\app\public\wp-content\plugins\meeting-scheduler-by-vcita\vcita-widgets-functions.php on line 45
[01-Jun-2026 09:33:15 UTC] PHP Warning:  Undefined array key "uid" in C:\Users\navne\Local Sites\acm-local\app\public\wp-content\plugins\meeting-scheduler-by-vcita\vcita-widgets-functions.php on line 45
[01-Jun-2026 09:33:16 UTC] PHP Warning:  Undefined array key "uid" in C:\Users\navne\Local Sites\acm-local\app\public\wp-content\plugins\meeting-scheduler-by-vcita\vcita-widgets-functions.php on line 45
[01-Jun-2026 09:33:16 UTC] PHP Warning:  Undefined array key "uid" in C:\Users\navne\Local Sites\acm-local\app\public\wp-content\plugins\meeting-scheduler-by-vcita\vcita-widgets-functions.php on line 45
[01-Jun-2026 09:33:17 UTC] PHP Warning:  Undefined array key "uid" in C:\Users\navne\Local Sites\acm-local\app\public\wp-content\plugins\meeting-scheduler-by-vcita\vcita-widgets-functions.php on line 45
[01-Jun-2026 09:33:32 UTC] PHP Warning:  Undefined array key "uid" in C:\Users\navne\Local Sites\acm-local\app\public\wp-content\plugins\meeting-scheduler-by-vcita\vcita-widgets-functions.php on line 45
[01-Jun-2026 09:34:26 UTC] PHP Warning:  Undefined array key "uid" in C:\Users\navne\Local Sites\acm-local\app\public\wp-content\plugins\meeting-scheduler-by-vcita\vcita-widgets-functions.php on line 45
[01-Jun-2026 09:34:35 UTC] PHP Warning:  Undefined array key "uid" in C:\Users\navne\Local Sites\acm-local\app\public\wp-content\plugins\meeting-scheduler-by-vcita\vcita-widgets-functions.php on line 45
[01-Jun-2026 09:34:53 UTC] PHP Warning:  Undefined array key "uid" in C:\Users\navne\Local Sites\acm-local\app\public\wp-content\plugins\meeting-scheduler-by-vcita\vcita-widgets-functions.php on line 45
[01-Jun-2026 09:41:22 UTC] PHP Warning:  Undefined array key "uid" in C:\Users\navne\Local Sites\acm-local\app\public\wp-content\plugins\meeting-scheduler-by-vcita\vcita-widgets-functions.php on line 45
[01-Jun-2026 09:42:55 UTC] PHP Warning:  Undefined array key "uid" in C:\Users\navne\Local Sites\acm-local\app\public\wp-content\plugins\meeting-scheduler-by-vcita\vcita-widgets-functions.php on line 45
[01-Jun-2026 09:43:37 UTC] PHP Warning:  Undefined array key "uid" in C:\Users\navne\Local Sites\acm-local\app\public\wp-content\plugins\meeting-scheduler-by-vcita\vcita-widgets-functions.php on line 45
[01-Jun-2026 09:43:42 UTC] PHP Warning:  Undefined array key "uid" in C:\Users\navne\Local Sites\acm-local\app\public\wp-content\plugins\meeting-scheduler-by-vcita\vcita-widgets-functions.php on line 45
[01-Jun-2026 09:44:08 UTC] PHP Warning:  Undefined array key "uid" in C:\Users\navne\Local Sites\acm-local\app\public\wp-content\plugins\meeting-scheduler-by-vcita\vcita-widgets-functions.php on line 45
[01-Jun-2026 09:47:20 UTC] PHP Warning:  Undefined array key "uid" in C:\Users\navne\Local Sites\acm-local\app\public\wp-content\plugins\meeting-scheduler-by-vcita\vcita-widgets-functions.php on line 45
[01-Jun-2026 09:49:48 UTC] PHP Warning:  Undefined array key "uid" in C:\Users\navne\Local Sites\acm-local\app\public\wp-content\plugins\meeting-scheduler-by-vcita\vcita-widgets-functions.php on line 45
[01-Jun-2026 09:50:00 UTC] PHP Warning:  Undefined array key "uid" in C:\Users\navne\Local Sites\acm-local\app\public\wp-content\plugins\meeting-scheduler-by-vcita\vcita-scheduler.php on line 234
[01-Jun-2026 09:50:00 UTC] PHP Warning:  Undefined array key "uid" in C:\Users\navne\Local Sites\acm-local\app\public\wp-content\plugins\meeting-scheduler-by-vcita\vcita-scheduler.php on line 263
[01-Jun-2026 09:50:00 UTC] PHP Warning:  Undefined array key "uid" in C:\Users\navne\Local Sites\acm-local\app\public\wp-content\plugins\meeting-scheduler-by-vcita\vcita-scheduler.php on line 280
[01-Jun-2026 09:53:15 UTC] PHP Warning:  Undefined array key "uid" in C:\Users\navne\Local Sites\acm-local\app\public\wp-content\plugins\meeting-scheduler-by-vcita\vcita-scheduler.php on line 234
[01-Jun-2026 09:53:15 UTC] PHP Warning:  Undefined array key "uid" in C:\Users\navne\Local Sites\acm-local\app\public\wp-content\plugins\meeting-scheduler-by-vcita\vcita-scheduler.php on line 263
[01-Jun-2026 09:53:15 UTC] PHP Warning:  Undefined array key "uid" in C:\Users\navne\Local Sites\acm-local\app\public\wp-content\plugins\meeting-scheduler-by-vcita\vcita-scheduler.php on line 280
[01-Jun-2026 09:54:12 UTC] PHP Warning:  Undefined array key "uid" in C:\Users\navne\Local Sites\acm-local\app\public\wp-content\plugins\meeting-scheduler-by-vcita\vcita-scheduler.php on line 234
[01-Jun-2026 09:54:12 UTC] PHP Warning:  Undefined array key "uid" in C:\Users\navne\Local Sites\acm-local\app\public\wp-content\plugins\meeting-scheduler-by-vcita\vcita-scheduler.php on line 263
[01-Jun-2026 09:54:12 UTC] PHP Warning:  Undefined array key "uid" in C:\Users\navne\Local Sites\acm-local\app\public\wp-content\plugins\meeting-scheduler-by-vcita\vcita-scheduler.php on line 280
[01-Jun-2026 09:54:39 UTC] Cron reschedule event error for hook: action_scheduler_run_queue, Error code: could_not_set, Error message: The cron event list could not be saved., Data: {"schedule":"every_minute","args":["WP Cron"],"interval":60}
[01-Jun-2026 09:56:40 UTC] PHP Warning:  Undefined array key "uid" in C:\Users\navne\Local Sites\acm-local\app\public\wp-content\plugins\meeting-scheduler-by-vcita\vcita-scheduler.php on line 234
[01-Jun-2026 09:56:40 UTC] PHP Warning:  Undefined array key "uid" in C:\Users\navne\Local Sites\acm-local\app\public\wp-content\plugins\meeting-scheduler-by-vcita\vcita-scheduler.php on line 263
[01-Jun-2026 09:56:40 UTC] PHP Warning:  Undefined array key "uid" in C:\Users\navne\Local Sites\acm-local\app\public\wp-content\plugins\meeting-scheduler-by-vcita\vcita-scheduler.php on line 280
[01-Jun-2026 09:56:47 UTC] Cron reschedule event error for hook: action_scheduler_run_queue, Error code: could_not_set, Error message: The cron event list could not be saved., Data: {"schedule":"every_minute","args":["WP Cron"],"interval":60}
[01-Jun-2026 09:57:55 UTC] Cron reschedule event error for hook: action_scheduler_run_queue, Error code: could_not_set, Error message: The cron event list could not be saved., Data: {"schedule":"every_minute","args":["WP Cron"],"interval":60}
[01-Jun-2026 10:02:01 UTC] Cron reschedule event error for hook: action_scheduler_run_queue, Error code: could_not_set, Error message: The cron event list could not be saved., Data: {"schedule":"every_minute","args":["WP Cron"],"interval":60}
[06-Jun-2026 11:26:33 UTC] PHP Warning:  Undefined array key "uid" in C:\Users\navne\Local Sites\acm-local\app\public\wp-content\plugins\meeting-scheduler-by-vcita\vcita-widgets-functions.php on line 45
[06-Jun-2026 11:27:00 UTC] PHP Warning:  Undefined array key "uid" in C:\Users\navne\Local Sites\acm-local\app\public\wp-content\plugins\meeting-scheduler-by-vcita\vcita-widgets-functions.php on line 45
[06-Jun-2026 11:27:07 UTC] PHP Warning:  Undefined array key "uid" in C:\Users\navne\Local Sites\acm-local\app\public\wp-content\plugins\meeting-scheduler-by-vcita\vcita-widgets-functions.php on line 45
[06-Jun-2026 11:27:09 UTC] PHP Warning:  Undefined array key "uid" in C:\Users\navne\Local Sites\acm-local\app\public\wp-content\plugins\meeting-scheduler-by-vcita\vcita-widgets-functions.php on line 45
[06-Jun-2026 11:35:26 UTC] PHP Warning:  Undefined array key "uid" in C:\Users\navne\Local Sites\acm-local\app\public\wp-content\plugins\meeting-scheduler-by-vcita\vcita-widgets-functions.php on line 45
[06-Jun-2026 11:41:03 UTC] PHP Warning:  Undefined array key "uid" in C:\Users\navne\Local Sites\acm-local\app\public\wp-content\plugins\meeting-scheduler-by-vcita\vcita-widgets-functions.php on line 45
[06-Jun-2026 11:41:15 UTC] PHP Warning:  Undefined array key "uid" in C:\Users\navne\Local Sites\acm-local\app\public\wp-content\plugins\meeting-scheduler-by-vcita\vcita-widgets-functions.php on line 45
[06-Jun-2026 11:42:56 UTC] PHP Warning:  Undefined array key "uid" in C:\Users\navne\Local Sites\acm-local\app\public\wp-content\plugins\meeting-scheduler-by-vcita\vcita-widgets-functions.php on line 45
[06-Jun-2026 11:59:30 UTC] PHP Warning:  Undefined array key "uid" in C:\Users\navne\Local Sites\acm-local\app\public\wp-content\plugins\meeting-scheduler-by-vcita\vcita-widgets-functions.php on line 45
[06-Jun-2026 12:06:24 UTC] PHP Warning:  Undefined array key "uid" in C:\Users\navne\Local Sites\acm-local\app\public\wp-content\plugins\meeting-scheduler-by-vcita\vcita-widgets-functions.php on line 45
[06-Jun-2026 12:09:22 UTC] PHP Warning:  Undefined array key "uid" in C:\Users\navne\Local Sites\acm-local\app\public\wp-content\plugins\meeting-scheduler-by-vcita\vcita-widgets-functions.php on line 45
[06-Jun-2026 12:09:33 UTC] PHP Warning:  Undefined array key "uid" in C:\Users\navne\Local Sites\acm-local\app\public\wp-content\plugins\meeting-scheduler-by-vcita\vcita-widgets-functions.php on line 45
[06-Jun-2026 12:11:42 UTC] PHP Warning:  Undefined array key "uid" in C:\Users\navne\Local Sites\acm-local\app\public\wp-content\plugins\meeting-scheduler-by-vcita\vcita-widgets-functions.php on line 45
[06-Jun-2026 12:14:25 UTC] PHP Warning:  Undefined array key "uid" in C:\Users\navne\Local Sites\acm-local\app\public\wp-content\plugins\meeting-scheduler-by-vcita\vcita-widgets-functions.php on line 45
[06-Jun-2026 12:16:43 UTC] PHP Warning:  Undefined array key "uid" in C:\Users\navne\Local Sites\acm-local\app\public\wp-content\plugins\meeting-scheduler-by-vcita\vcita-widgets-functions.php on line 45
[06-Jun-2026 12:17:45 UTC] PHP Warning:  Undefined array key "uid" in C:\Users\navne\Local Sites\acm-local\app\public\wp-content\plugins\meeting-scheduler-by-vcita\vcita-widgets-functions.php on line 45
[06-Jun-2026 12:23:29 UTC] PHP Warning:  Undefined array key "uid" in C:\Users\navne\Local Sites\acm-local\app\public\wp-content\plugins\meeting-scheduler-by-vcita\vcita-widgets-functions.php on line 45
[06-Jun-2026 12:38:51 UTC] PHP Warning:  Undefined array key "uid" in C:\Users\navne\Local Sites\acm-local\app\public\wp-content\plugins\meeting-scheduler-by-vcita\vcita-widgets-functions.php on line 45
[06-Jun-2026 12:39:54 UTC] PHP Warning:  Undefined array key "uid" in C:\Users\navne\Local Sites\acm-local\app\public\wp-content\plugins\meeting-scheduler-by-vcita\vcita-widgets-functions.php on line 45
[06-Jun-2026 12:57:32 UTC] PHP Warning:  Undefined array key "uid" in C:\Users\navne\Local Sites\acm-local\app\public\wp-content\plugins\meeting-scheduler-by-vcita\vcita-widgets-functions.php on line 45
[06-Jun-2026 12:57:32 UTC] PHP Warning:  Undefined array key "uid" in C:\Users\navne\Local Sites\acm-local\app\public\wp-content\plugins\meeting-scheduler-by-vcita\vcita-widgets-functions.php on line 45
[06-Jun-2026 12:58:17 UTC] PHP Warning:  Undefined array key "uid" in C:\Users\navne\Local Sites\acm-local\app\public\wp-content\plugins\meeting-scheduler-by-vcita\vcita-widgets-functions.php on line 45
[06-Jun-2026 12:59:30 UTC] PHP Warning:  Undefined array key "uid" in C:\Users\navne\Local Sites\acm-local\app\public\wp-content\plugins\meeting-scheduler-by-vcita\vcita-widgets-functions.php on line 45
[06-Jun-2026 12:59:34 UTC] PHP Warning:  Undefined array key "uid" in C:\Users\navne\Local Sites\acm-local\app\public\wp-content\plugins\meeting-scheduler-by-vcita\vcita-widgets-functions.php on line 45
[06-Jun-2026 12:59:42 UTC] PHP Warning:  Undefined array key "uid" in C:\Users\navne\Local Sites\acm-local\app\public\wp-content\plugins\meeting-scheduler-by-vcita\vcita-widgets-functions.php on line 45
[06-Jun-2026 13:07:22 UTC] PHP Warning:  Undefined array key "uid" in C:\Users\navne\Local Sites\acm-local\app\public\wp-content\plugins\meeting-scheduler-by-vcita\vcita-widgets-functions.php on line 45
[06-Jun-2026 13:07:34 UTC] PHP Warning:  Undefined array key "uid" in C:\Users\navne\Local Sites\acm-local\app\public\wp-content\plugins\meeting-scheduler-by-vcita\vcita-widgets-functions.php on line 45
[06-Jun-2026 13:07:37 UTC] PHP Warning:  Undefined array key "uid" in C:\Users\navne\Local Sites\acm-local\app\public\wp-content\plugins\meeting-scheduler-by-vcita\vcita-widgets-functions.php on line 45
[06-Jun-2026 13:07:38 UTC] PHP Warning:  Undefined array key "uid" in C:\Users\navne\Local Sites\acm-local\app\public\wp-content\plugins\meeting-scheduler-by-vcita\vcita-widgets-functions.php on line 45
[06-Jun-2026 13:10:38 UTC] PHP Warning:  Undefined array key "uid" in C:\Users\navne\Local Sites\acm-local\app\public\wp-content\plugins\meeting-scheduler-by-vcita\vcita-widgets-functions.php on line 45
[06-Jun-2026 13:10:38 UTC] PHP Parse error:  syntax error, unexpected end of file, expecting "elseif" or "else" or "endif" in E:\acmwindia\acm\sidebar.php on line 31
[06-Jun-2026 13:10:43 UTC] PHP Warning:  Undefined array key "uid" in C:\Users\navne\Local Sites\acm-local\app\public\wp-content\plugins\meeting-scheduler-by-vcita\vcita-widgets-functions.php on line 45
[06-Jun-2026 13:10:43 UTC] PHP Parse error:  syntax error, unexpected end of file, expecting "elseif" or "else" or "endif" in E:\acmwindia\acm\sidebar.php on line 31
[06-Jun-2026 13:10:53 UTC] PHP Warning:  Undefined array key "uid" in C:\Users\navne\Local Sites\acm-local\app\public\wp-content\plugins\meeting-scheduler-by-vcita\vcita-widgets-functions.php on line 45
[06-Jun-2026 13:12:55 UTC] PHP Warning:  Undefined array key "uid" in C:\Users\navne\Local Sites\acm-local\app\public\wp-content\plugins\meeting-scheduler-by-vcita\vcita-widgets-functions.php on line 45
[06-Jun-2026 13:15:08 UTC] PHP Warning:  Undefined array key "uid" in C:\Users\navne\Local Sites\acm-local\app\public\wp-content\plugins\meeting-scheduler-by-vcita\vcita-widgets-functions.php on line 45
[06-Jun-2026 13:17:17 UTC] PHP Warning:  Undefined array key "uid" in C:\Users\navne\Local Sites\acm-local\app\public\wp-content\plugins\meeting-scheduler-by-vcita\vcita-widgets-functions.php on line 45
[06-Jun-2026 13:17:21 UTC] PHP Warning:  Undefined array key "uid" in C:\Users\navne\Local Sites\acm-local\app\public\wp-content\plugins\meeting-scheduler-by-vcita\vcita-widgets-functions.php on line 45
[06-Jun-2026 13:56:14 UTC] PHP Warning:  Undefined array key "uid" in C:\Users\navne\Local Sites\acm-local\app\public\wp-content\plugins\meeting-scheduler-by-vcita\vcita-widgets-functions.php on line 45
[06-Jun-2026 14:02:56 UTC] PHP Warning:  Undefined array key "uid" in C:\Users\navne\Local Sites\acm-local\app\public\wp-content\plugins\meeting-scheduler-by-vcita\vcita-widgets-functions.php on line 45
[06-Jun-2026 14:04:56 UTC] PHP Warning:  Undefined array key "uid" in C:\Users\navne\Local Sites\acm-local\app\public\wp-content\plugins\meeting-scheduler-by-vcita\vcita-widgets-functions.php on line 45
[06-Jun-2026 14:10:54 UTC] PHP Warning:  Undefined array key "uid" in C:\Users\navne\Local Sites\acm-local\app\public\wp-content\plugins\meeting-scheduler-by-vcita\vcita-widgets-functions.php on line 45
[06-Jun-2026 14:11:28 UTC] PHP Warning:  Undefined array key "uid" in C:\Users\navne\Local Sites\acm-local\app\public\wp-content\plugins\meeting-scheduler-by-vcita\vcita-widgets-functions.php on line 45
[06-Jun-2026 14:12:52 UTC] PHP Warning:  Undefined array key "uid" in C:\Users\navne\Local Sites\acm-local\app\public\wp-content\plugins\meeting-scheduler-by-vcita\vcita-widgets-functions.php on line 45
[06-Jun-2026 14:15:00 UTC] PHP Warning:  Undefined array key "uid" in C:\Users\navne\Local Sites\acm-local\app\public\wp-content\plugins\meeting-scheduler-by-vcita\vcita-widgets-functions.php on line 45
[06-Jun-2026 14:15:35 UTC] PHP Warning:  Undefined array key "uid" in C:\Users\navne\Local Sites\acm-local\app\public\wp-content\plugins\meeting-scheduler-by-vcita\vcita-widgets-functions.php on line 45
[06-Jun-2026 14:15:37 UTC] PHP Warning:  Undefined array key "uid" in C:\Users\navne\Local Sites\acm-local\app\public\wp-content\plugins\meeting-scheduler-by-vcita\vcita-widgets-functions.php on line 45
[06-Jun-2026 14:16:22 UTC] PHP Warning:  Undefined array key "uid" in C:\Users\navne\Local Sites\acm-local\app\public\wp-content\plugins\meeting-scheduler-by-vcita\vcita-widgets-functions.php on line 45
[06-Jun-2026 14:16:25 UTC] PHP Warning:  Undefined array key "uid" in C:\Users\navne\Local Sites\acm-local\app\public\wp-content\plugins\meeting-scheduler-by-vcita\vcita-widgets-functions.php on line 45
[06-Jun-2026 14:16:31 UTC] PHP Warning:  Undefined array key "uid" in C:\Users\navne\Local Sites\acm-local\app\public\wp-content\plugins\meeting-scheduler-by-vcita\vcita-widgets-functions.php on line 45
[06-Jun-2026 14:16:33 UTC] PHP Warning:  Undefined array key "uid" in C:\Users\navne\Local Sites\acm-local\app\public\wp-content\plugins\meeting-scheduler-by-vcita\vcita-widgets-functions.php on line 45
[06-Jun-2026 14:17:51 UTC] PHP Warning:  Undefined array key "uid" in C:\Users\navne\Local Sites\acm-local\app\public\wp-content\plugins\meeting-scheduler-by-vcita\vcita-widgets-functions.php on line 45
[06-Jun-2026 14:19:00 UTC] PHP Warning:  Undefined array key "uid" in C:\Users\navne\Local Sites\acm-local\app\public\wp-content\plugins\meeting-scheduler-by-vcita\vcita-widgets-functions.php on line 45
[06-Jun-2026 14:19:59 UTC] PHP Warning:  Undefined array key "uid" in C:\Users\navne\Local Sites\acm-local\app\public\wp-content\plugins\meeting-scheduler-by-vcita\vcita-widgets-functions.php on line 45
[06-Jun-2026 14:22:55 UTC] PHP Warning:  Undefined array key "uid" in C:\Users\navne\Local Sites\acm-local\app\public\wp-content\plugins\meeting-scheduler-by-vcita\vcita-widgets-functions.php on line 45
[06-Jun-2026 14:23:01 UTC] PHP Warning:  Undefined array key "uid" in C:\Users\navne\Local Sites\acm-local\app\public\wp-content\plugins\meeting-scheduler-by-vcita\vcita-widgets-functions.php on line 45
[06-Jun-2026 14:24:02 UTC] PHP Warning:  Undefined array key "uid" in C:\Users\navne\Local Sites\acm-local\app\public\wp-content\plugins\meeting-scheduler-by-vcita\vcita-widgets-functions.php on line 45
[06-Jun-2026 14:25:40 UTC] PHP Warning:  Undefined array key "uid" in C:\Users\navne\Local Sites\acm-local\app\public\wp-content\plugins\meeting-scheduler-by-vcita\vcita-widgets-functions.php on line 45
[06-Jun-2026 14:26:52 UTC] PHP Warning:  Undefined array key "uid" in C:\Users\navne\Local Sites\acm-local\app\public\wp-content\plugins\meeting-scheduler-by-vcita\vcita-widgets-functions.php on line 45
[06-Jun-2026 14:29:22 UTC] PHP Warning:  Undefined array key "uid" in C:\Users\navne\Local Sites\acm-local\app\public\wp-content\plugins\meeting-scheduler-by-vcita\vcita-widgets-functions.php on line 45
[06-Jun-2026 14:30:06 UTC] PHP Warning:  Undefined array key "uid" in C:\Users\navne\Local Sites\acm-local\app\public\wp-content\plugins\meeting-scheduler-by-vcita\vcita-widgets-functions.php on line 45
[06-Jun-2026 14:31:16 UTC] PHP Warning:  Undefined array key "uid" in C:\Users\navne\Local Sites\acm-local\app\public\wp-content\plugins\meeting-scheduler-by-vcita\vcita-widgets-functions.php on line 45
[06-Jun-2026 14:32:51 UTC] PHP Warning:  Undefined array key "uid" in C:\Users\navne\Local Sites\acm-local\app\public\wp-content\plugins\meeting-scheduler-by-vcita\vcita-widgets-functions.php on line 45
[06-Jun-2026 14:33:50 UTC] PHP Warning:  Undefined array key "uid" in C:\Users\navne\Local Sites\acm-local\app\public\wp-content\plugins\meeting-scheduler-by-vcita\vcita-widgets-functions.php on line 45
[06-Jun-2026 14:34:37 UTC] PHP Warning:  Undefined array key "uid" in C:\Users\navne\Local Sites\acm-local\app\public\wp-content\plugins\meeting-scheduler-by-vcita\vcita-widgets-functions.php on line 45
[06-Jun-2026 14:34:56 UTC] PHP Warning:  Undefined array key "uid" in C:\Users\navne\Local Sites\acm-local\app\public\wp-content\plugins\meeting-scheduler-by-vcita\vcita-widgets-functions.php on line 45
[06-Jun-2026 14:35:16 UTC] PHP Warning:  Undefined array key "uid" in C:\Users\navne\Local Sites\acm-local\app\public\wp-content\plugins\meeting-scheduler-by-vcita\vcita-widgets-functions.php on line 45
[06-Jun-2026 14:35:36 UTC] PHP Warning:  Undefined array key "uid" in C:\Users\navne\Local Sites\acm-local\app\public\wp-content\plugins\meeting-scheduler-by-vcita\vcita-widgets-functions.php on line 45
[06-Jun-2026 14:35:46 UTC] PHP Warning:  Undefined array key "uid" in C:\Users\navne\Local Sites\acm-local\app\public\wp-content\plugins\meeting-scheduler-by-vcita\vcita-widgets-functions.php on line 45
[06-Jun-2026 14:36:04 UTC] PHP Warning:  Undefined array key "uid" in C:\Users\navne\Local Sites\acm-local\app\public\wp-content\plugins\meeting-scheduler-by-vcita\vcita-widgets-functions.php on line 45
[06-Jun-2026 14:36:15 UTC] PHP Warning:  Undefined array key "uid" in C:\Users\navne\Local Sites\acm-local\app\public\wp-content\plugins\meeting-scheduler-by-vcita\vcita-widgets-functions.php on line 45
[06-Jun-2026 14:36:32 UTC] PHP Warning:  Undefined array key "uid" in C:\Users\navne\Local Sites\acm-local\app\public\wp-content\plugins\meeting-scheduler-by-vcita\vcita-widgets-functions.php on line 45
[06-Jun-2026 14:36:50 UTC] PHP Warning:  Undefined array key "uid" in C:\Users\navne\Local Sites\acm-local\app\public\wp-content\plugins\meeting-scheduler-by-vcita\vcita-widgets-functions.php on line 45
[06-Jun-2026 14:37:48 UTC] PHP Warning:  Undefined array key "uid" in C:\Users\navne\Local Sites\acm-local\app\public\wp-content\plugins\meeting-scheduler-by-vcita\vcita-widgets-functions.php on line 45
[06-Jun-2026 14:40:09 UTC] PHP Warning:  Undefined array key "uid" in C:\Users\navne\Local Sites\acm-local\app\public\wp-content\plugins\meeting-scheduler-by-vcita\vcita-widgets-functions.php on line 45
[06-Jun-2026 15:00:12 UTC] PHP Warning:  Undefined array key "uid" in C:\Users\navne\Local Sites\acm-local\app\public\wp-content\plugins\meeting-scheduler-by-vcita\vcita-widgets-functions.php on line 45
[06-Jun-2026 15:21:24 UTC] PHP Warning:  Undefined array key "uid" in C:\Users\navne\Local Sites\acm-local\app\public\wp-content\plugins\meeting-scheduler-by-vcita\vcita-scheduler.php on line 234
[06-Jun-2026 15:21:24 UTC] PHP Warning:  Undefined array key "uid" in C:\Users\navne\Local Sites\acm-local\app\public\wp-content\plugins\meeting-scheduler-by-vcita\vcita-scheduler.php on line 263
[06-Jun-2026 15:21:24 UTC] PHP Warning:  Undefined array key "uid" in C:\Users\navne\Local Sites\acm-local\app\public\wp-content\plugins\meeting-scheduler-by-vcita\vcita-scheduler.php on line 280
[06-Jun-2026 15:23:45 UTC] Cron reschedule event error for hook: wpfts_indexer_event, Error code: could_not_set, Error message: The cron event list could not be saved., Data: {"schedule":"wpfts_each_minute","args":[],"interval":60}
[06-Jun-2026 15:24:10 UTC] Cron reschedule event error for hook: action_scheduler_run_queue, Error code: could_not_set, Error message: The cron event list could not be saved., Data: {"schedule":"every_minute","args":["WP Cron"],"interval":60}
[06-Jun-2026 15:25:32 UTC] PHP Warning:  Undefined array key "uid" in C:\Users\navne\Local Sites\acm-local\app\public\wp-content\plugins\meeting-scheduler-by-vcita\vcita-scheduler.php on line 234
[06-Jun-2026 15:25:32 UTC] PHP Warning:  Undefined array key "uid" in C:\Users\navne\Local Sites\acm-local\app\public\wp-content\plugins\meeting-scheduler-by-vcita\vcita-scheduler.php on line 263
[06-Jun-2026 15:25:32 UTC] PHP Warning:  Undefined array key "uid" in C:\Users\navne\Local Sites\acm-local\app\public\wp-content\plugins\meeting-scheduler-by-vcita\vcita-scheduler.php on line 280
[06-Jun-2026 15:28:04 UTC] PHP Warning:  Undefined array key "uid" in C:\Users\navne\Local Sites\acm-local\app\public\wp-content\plugins\meeting-scheduler-by-vcita\vcita-widgets-functions.php on line 45
[06-Jun-2026 15:28:23 UTC] PHP Warning:  Undefined array key "uid" in C:\Users\navne\Local Sites\acm-local\app\public\wp-content\plugins\meeting-scheduler-by-vcita\vcita-widgets-functions.php on line 45
[06-Jun-2026 15:29:44 UTC] PHP Warning:  Undefined array key "uid" in C:\Users\navne\Local Sites\acm-local\app\public\wp-content\plugins\meeting-scheduler-by-vcita\vcita-widgets-functions.php on line 45
[06-Jun-2026 15:31:01 UTC] PHP Warning:  Undefined array key "uid" in C:\Users\navne\Local Sites\acm-local\app\public\wp-content\plugins\meeting-scheduler-by-vcita\vcita-widgets-functions.php on line 45
[06-Jun-2026 15:31:02 UTC] PHP Warning:  Undefined array key "uid" in C:\Users\navne\Local Sites\acm-local\app\public\wp-content\plugins\meeting-scheduler-by-vcita\vcita-widgets-functions.php on line 45
[06-Jun-2026 15:32:24 UTC] PHP Warning:  Undefined array key "uid" in C:\Users\navne\Local Sites\acm-local\app\public\wp-content\plugins\meeting-scheduler-by-vcita\vcita-widgets-functions.php on line 45
[06-Jun-2026 15:33:03 UTC] PHP Warning:  Undefined array key "uid" in C:\Users\navne\Local Sites\acm-local\app\public\wp-content\plugins\meeting-scheduler-by-vcita\vcita-widgets-functions.php on line 45
[06-Jun-2026 16:20:23 UTC] PHP Warning:  Undefined array key "uid" in C:\Users\navne\Local Sites\acm-local\app\public\wp-content\plugins\meeting-scheduler-by-vcita\vcita-widgets-functions.php on line 45
[06-Jun-2026 20:46:55 UTC] PHP Warning:  Undefined array key "uid" in C:\Users\navne\Local Sites\acm-local\app\public\wp-content\plugins\meeting-scheduler-by-vcita\vcita-widgets-functions.php on line 45
[06-Jun-2026 21:50:07 UTC] PHP Warning:  Undefined array key "uid" in C:\Users\navne\Local Sites\acm-local\app\public\wp-content\plugins\meeting-scheduler-by-vcita\vcita-widgets-functions.php on line 45
[06-Jun-2026 22:09:47 UTC] Cron reschedule event error for hook: wpfts_indexer_event, Error code: could_not_set, Error message: The cron event list could not be saved., Data: {"schedule":"wpfts_each_minute","args":[],"interval":60}
[06-Jun-2026 22:10:38 UTC] PHP Warning:  Undefined array key "uid" in C:\Users\navne\Local Sites\acm-local\app\public\wp-content\plugins\meeting-scheduler-by-vcita\vcita-widgets-functions.php on line 45
[06-Jun-2026 22:10:50 UTC] PHP Warning:  Undefined array key "uid" in C:\Users\navne\Local Sites\acm-local\app\public\wp-content\plugins\meeting-scheduler-by-vcita\vcita-widgets-functions.php on line 45
[06-Jun-2026 22:10:56 UTC] PHP Warning:  Undefined array key "uid" in C:\Users\navne\Local Sites\acm-local\app\public\wp-content\plugins\meeting-scheduler-by-vcita\vcita-widgets-functions.php on line 45
[06-Jun-2026 22:12:03 UTC] PHP Warning:  Undefined array key "uid" in C:\Users\navne\Local Sites\acm-local\app\public\wp-content\plugins\meeting-scheduler-by-vcita\vcita-widgets-functions.php on line 45
[06-Jun-2026 22:12:07 UTC] PHP Warning:  Undefined array key "uid" in C:\Users\navne\Local Sites\acm-local\app\public\wp-content\plugins\meeting-scheduler-by-vcita\vcita-widgets-functions.php on line 45
[06-Jun-2026 22:12:08 UTC] PHP Warning:  Undefined array key "uid" in C:\Users\navne\Local Sites\acm-local\app\public\wp-content\plugins\meeting-scheduler-by-vcita\vcita-widgets-functions.php on line 45
[06-Jun-2026 22:12:09 UTC] PHP Warning:  Undefined array key "uid" in C:\Users\navne\Local Sites\acm-local\app\public\wp-content\plugins\meeting-scheduler-by-vcita\vcita-widgets-functions.php on line 45
[06-Jun-2026 22:13:03 UTC] PHP Warning:  Undefined array key "uid" in C:\Users\navne\Local Sites\acm-local\app\public\wp-content\plugins\meeting-scheduler-by-vcita\vcita-widgets-functions.php on line 45
[06-Jun-2026 22:13:06 UTC] PHP Warning:  Undefined array key "uid" in C:\Users\navne\Local Sites\acm-local\app\public\wp-content\plugins\meeting-scheduler-by-vcita\vcita-widgets-functions.php on line 45
[06-Jun-2026 22:13:06 UTC] PHP Warning:  Undefined array key "uid" in C:\Users\navne\Local Sites\acm-local\app\public\wp-content\plugins\meeting-scheduler-by-vcita\vcita-widgets-functions.php on line 45
[06-Jun-2026 22:13:07 UTC] PHP Warning:  Undefined array key "uid" in C:\Users\navne\Local Sites\acm-local\app\public\wp-content\plugins\meeting-scheduler-by-vcita\vcita-widgets-functions.php on line 45
[06-Jun-2026 22:13:07 UTC] PHP Warning:  Undefined array key "uid" in C:\Users\navne\Local Sites\acm-local\app\public\wp-content\plugins\meeting-scheduler-by-vcita\vcita-widgets-functions.php on line 45
[06-Jun-2026 22:13:07 UTC] PHP Warning:  Undefined array key "uid" in C:\Users\navne\Local Sites\acm-local\app\public\wp-content\plugins\meeting-scheduler-by-vcita\vcita-widgets-functions.php on line 45
[06-Jun-2026 22:13:07 UTC] PHP Warning:  Undefined array key "uid" in C:\Users\navne\Local Sites\acm-local\app\public\wp-content\plugins\meeting-scheduler-by-vcita\vcita-widgets-functions.php on line 45
[06-Jun-2026 22:13:07 UTC] PHP Warning:  Undefined array key "uid" in C:\Users\navne\Local Sites\acm-local\app\public\wp-content\plugins\meeting-scheduler-by-vcita\vcita-widgets-functions.php on line 45
[06-Jun-2026 22:13:08 UTC] PHP Warning:  Undefined array key "uid" in C:\Users\navne\Local Sites\acm-local\app\public\wp-content\plugins\meeting-scheduler-by-vcita\vcita-widgets-functions.php on line 45
[06-Jun-2026 22:13:08 UTC] PHP Warning:  Undefined array key "uid" in C:\Users\navne\Local Sites\acm-local\app\public\wp-content\plugins\meeting-scheduler-by-vcita\vcita-widgets-functions.php on line 45
[06-Jun-2026 22:13:37 UTC] PHP Warning:  Undefined array key "uid" in C:\Users\navne\Local Sites\acm-local\app\public\wp-content\plugins\meeting-scheduler-by-vcita\vcita-widgets-functions.php on line 45
[06-Jun-2026 22:13:42 UTC] PHP Warning:  Undefined array key "uid" in C:\Users\navne\Local Sites\acm-local\app\public\wp-content\plugins\meeting-scheduler-by-vcita\vcita-widgets-functions.php on line 45
[06-Jun-2026 22:15:32 UTC] PHP Warning:  Undefined array key "uid" in C:\Users\navne\Local Sites\acm-local\app\public\wp-content\plugins\meeting-scheduler-by-vcita\vcita-widgets-functions.php on line 45
[06-Jun-2026 22:15:46 UTC] PHP Warning:  Undefined array key "uid" in C:\Users\navne\Local Sites\acm-local\app\public\wp-content\plugins\meeting-scheduler-by-vcita\vcita-widgets-functions.php on line 45
[06-Jun-2026 22:15:50 UTC] PHP Warning:  Undefined array key "uid" in C:\Users\navne\Local Sites\acm-local\app\public\wp-content\plugins\meeting-scheduler-by-vcita\vcita-widgets-functions.php on line 45
[06-Jun-2026 22:19:48 UTC] Cron reschedule event error for hook: action_scheduler_run_queue, Error code: could_not_set, Error message: The cron event list could not be saved., Data: {"schedule":"every_minute","args":["WP Cron"],"interval":60}
[06-Jun-2026 22:19:48 UTC] Cron reschedule event error for hook: wpfts_indexer_event, Error code: could_not_set, Error message: The cron event list could not be saved., Data: {"schedule":"wpfts_each_minute","args":[],"interval":60}
[06-Jun-2026 22:20:15 UTC] PHP Warning:  Undefined array key "uid" in C:\Users\navne\Local Sites\acm-local\app\public\wp-content\plugins\meeting-scheduler-by-vcita\vcita-widgets-functions.php on line 45
[06-Jun-2026 22:20:28 UTC] PHP Warning:  Undefined array key "uid" in C:\Users\navne\Local Sites\acm-local\app\public\wp-content\plugins\meeting-scheduler-by-vcita\vcita-widgets-functions.php on line 45
[06-Jun-2026 22:20:31 UTC] PHP Warning:  Undefined array key "uid" in C:\Users\navne\Local Sites\acm-local\app\public\wp-content\plugins\meeting-scheduler-by-vcita\vcita-widgets-functions.php on line 45
[06-Jun-2026 22:20:33 UTC] PHP Warning:  Undefined array key "uid" in C:\Users\navne\Local Sites\acm-local\app\public\wp-content\plugins\meeting-scheduler-by-vcita\vcita-widgets-functions.php on line 45
[06-Jun-2026 22:23:47 UTC] Cron reschedule event error for hook: wpfts_indexer_event, Error code: could_not_set, Error message: The cron event list could not be saved., Data: {"schedule":"wpfts_each_minute","args":[],"interval":60}
[06-Jun-2026 22:24:16 UTC] Cron reschedule event error for hook: wpfts_indexer_event, Error code: could_not_set, Error message: The cron event list could not be saved., Data: {"schedule":"wpfts_each_minute","args":[],"interval":60}
[06-Jun-2026 22:26:43 UTC] PHP Warning:  Undefined array key "uid" in C:\Users\navne\Local Sites\acm-local\app\public\wp-content\plugins\meeting-scheduler-by-vcita\vcita-widgets-functions.php on line 45
[06-Jun-2026 22:27:01 UTC] PHP Warning:  Undefined array key "uid" in C:\Users\navne\Local Sites\acm-local\app\public\wp-content\plugins\meeting-scheduler-by-vcita\vcita-widgets-functions.php on line 45
[06-Jun-2026 22:27:02 UTC] PHP Warning:  Undefined array key "uid" in C:\Users\navne\Local Sites\acm-local\app\public\wp-content\plugins\meeting-scheduler-by-vcita\vcita-widgets-functions.php on line 45
[06-Jun-2026 22:27:09 UTC] PHP Warning:  Undefined array key "uid" in C:\Users\navne\Local Sites\acm-local\app\public\wp-content\plugins\meeting-scheduler-by-vcita\vcita-widgets-functions.php on line 45
[06-Jun-2026 22:29:32 UTC] PHP Warning:  Undefined array key "uid" in C:\Users\navne\Local Sites\acm-local\app\public\wp-content\plugins\meeting-scheduler-by-vcita\vcita-widgets-functions.php on line 45
[06-Jun-2026 22:29:34 UTC] PHP Warning:  Undefined array key "uid" in C:\Users\navne\Local Sites\acm-local\app\public\wp-content\plugins\meeting-scheduler-by-vcita\vcita-widgets-functions.php on line 45
[06-Jun-2026 22:29:44 UTC] PHP Warning:  Undefined array key "uid" in C:\Users\navne\Local Sites\acm-local\app\public\wp-content\plugins\meeting-scheduler-by-vcita\vcita-widgets-functions.php on line 45
[06-Jun-2026 22:29:46 UTC] PHP Warning:  Undefined array key "uid" in C:\Users\navne\Local Sites\acm-local\app\public\wp-content\plugins\meeting-scheduler-by-vcita\vcita-widgets-functions.php on line 45
[06-Jun-2026 22:29:49 UTC] PHP Warning:  Undefined array key "uid" in C:\Users\navne\Local Sites\acm-local\app\public\wp-content\plugins\meeting-scheduler-by-vcita\vcita-widgets-functions.php on line 45
[06-Jun-2026 22:29:50 UTC] PHP Warning:  Undefined array key "uid" in C:\Users\navne\Local Sites\acm-local\app\public\wp-content\plugins\meeting-scheduler-by-vcita\vcita-widgets-functions.php on line 45
[06-Jun-2026 22:29:52 UTC] PHP Warning:  Undefined array key "uid" in C:\Users\navne\Local Sites\acm-local\app\public\wp-content\plugins\meeting-scheduler-by-vcita\vcita-widgets-functions.php on line 45
[06-Jun-2026 22:29:56 UTC] PHP Warning:  Undefined array key "uid" in C:\Users\navne\Local Sites\acm-local\app\public\wp-content\plugins\meeting-scheduler-by-vcita\vcita-widgets-functions.php on line 45
[06-Jun-2026 22:30:39 UTC] PHP Warning:  Undefined array key "uid" in C:\Users\navne\Local Sites\acm-local\app\public\wp-content\plugins\meeting-scheduler-by-vcita\vcita-widgets-functions.php on line 45
[06-Jun-2026 22:30:55 UTC] PHP Warning:  Undefined array key "uid" in C:\Users\navne\Local Sites\acm-local\app\public\wp-content\plugins\meeting-scheduler-by-vcita\vcita-widgets-functions.php on line 45
[06-Jun-2026 22:32:07 UTC] PHP Warning:  Undefined array key "uid" in C:\Users\navne\Local Sites\acm-local\app\public\wp-content\plugins\meeting-scheduler-by-vcita\vcita-widgets-functions.php on line 45
[06-Jun-2026 22:32:10 UTC] PHP Warning:  Undefined array key "uid" in C:\Users\navne\Local Sites\acm-local\app\public\wp-content\plugins\meeting-scheduler-by-vcita\vcita-widgets-functions.php on line 45
[06-Jun-2026 22:32:58 UTC] PHP Warning:  Undefined array key "uid" in C:\Users\navne\Local Sites\acm-local\app\public\wp-content\plugins\meeting-scheduler-by-vcita\vcita-widgets-functions.php on line 45
[06-Jun-2026 22:34:45 UTC] PHP Warning:  Undefined array key "uid" in C:\Users\navne\Local Sites\acm-local\app\public\wp-content\plugins\meeting-scheduler-by-vcita\vcita-widgets-functions.php on line 45
[06-Jun-2026 22:34:50 UTC] PHP Warning:  Undefined array key "uid" in C:\Users\navne\Local Sites\acm-local\app\public\wp-content\plugins\meeting-scheduler-by-vcita\vcita-widgets-functions.php on line 45
[06-Jun-2026 22:36:41 UTC] PHP Warning:  Undefined array key "uid" in C:\Users\navne\Local Sites\acm-local\app\public\wp-content\plugins\meeting-scheduler-by-vcita\vcita-widgets-functions.php on line 45
[06-Jun-2026 22:39:16 UTC] PHP Warning:  Undefined array key "uid" in C:\Users\navne\Local Sites\acm-local\app\public\wp-content\plugins\meeting-scheduler-by-vcita\vcita-widgets-functions.php on line 45
[09-Jun-2026 10:55:03 UTC] PHP Warning:  Undefined array key "uid" in C:\Users\navne\Local Sites\acm-local\app\public\wp-content\plugins\meeting-scheduler-by-vcita\vcita-widgets-functions.php on line 45
[09-Jun-2026 10:55:05 UTC] PHP Warning:  Undefined array key "uid" in C:\Users\navne\Local Sites\acm-local\app\public\wp-content\plugins\meeting-scheduler-by-vcita\vcita-widgets-functions.php on line 45
[09-Jun-2026 10:56:03 UTC] PHP Warning:  Undefined array key "uid" in C:\Users\navne\Local Sites\acm-local\app\public\wp-content\plugins\meeting-scheduler-by-vcita\vcita-widgets-functions.php on line 45
[09-Jun-2026 11:23:59 UTC] PHP Warning:  Undefined array key "uid" in C:\Users\navne\Local Sites\acm-local\app\public\wp-content\plugins\meeting-scheduler-by-vcita\vcita-widgets-functions.php on line 45
[09-Jun-2026 11:25:04 UTC] PHP Warning:  Undefined array key "uid" in C:\Users\navne\Local Sites\acm-local\app\public\wp-content\plugins\meeting-scheduler-by-vcita\vcita-widgets-functions.php on line 45
[09-Jun-2026 11:26:05 UTC] PHP Warning:  Undefined array key "uid" in C:\Users\navne\Local Sites\acm-local\app\public\wp-content\plugins\meeting-scheduler-by-vcita\vcita-widgets-functions.php on line 45
[09-Jun-2026 11:26:17 UTC] PHP Warning:  Undefined array key "uid" in C:\Users\navne\Local Sites\acm-local\app\public\wp-content\plugins\meeting-scheduler-by-vcita\vcita-widgets-functions.php on line 45
[09-Jun-2026 11:36:17 UTC] Cron reschedule event error for hook: action_scheduler_run_queue, Error code: could_not_set, Error message: The cron event list could not be saved., Data: {"schedule":"every_minute","args":["WP Cron"],"interval":60}
[09-Jun-2026 11:36:50 UTC] PHP Warning:  Undefined array key "uid" in C:\Users\navne\Local Sites\acm-local\app\public\wp-content\plugins\meeting-scheduler-by-vcita\vcita-widgets-functions.php on line 45
[09-Jun-2026 11:38:41 UTC] PHP Warning:  Undefined array key "uid" in C:\Users\navne\Local Sites\acm-local\app\public\wp-content\plugins\meeting-scheduler-by-vcita\vcita-widgets-functions.php on line 45
[09-Jun-2026 11:38:44 UTC] PHP Warning:  Undefined array key "uid" in C:\Users\navne\Local Sites\acm-local\app\public\wp-content\plugins\meeting-scheduler-by-vcita\vcita-widgets-functions.php on line 45
[09-Jun-2026 11:41:20 UTC] PHP Warning:  Undefined array key "uid" in C:\Users\navne\Local Sites\acm-local\app\public\wp-content\plugins\meeting-scheduler-by-vcita\vcita-widgets-functions.php on line 45
[09-Jun-2026 11:41:25 UTC] PHP Warning:  Undefined array key "uid" in C:\Users\navne\Local Sites\acm-local\app\public\wp-content\plugins\meeting-scheduler-by-vcita\vcita-widgets-functions.php on line 45
[09-Jun-2026 11:41:27 UTC] PHP Warning:  Undefined array key "uid" in C:\Users\navne\Local Sites\acm-local\app\public\wp-content\plugins\meeting-scheduler-by-vcita\vcita-widgets-functions.php on line 45
[09-Jun-2026 11:41:29 UTC] PHP Warning:  Undefined array key "uid" in C:\Users\navne\Local Sites\acm-local\app\public\wp-content\plugins\meeting-scheduler-by-vcita\vcita-widgets-functions.php on line 45
[09-Jun-2026 11:43:37 UTC] PHP Warning:  Undefined array key "uid" in C:\Users\navne\Local Sites\acm-local\app\public\wp-content\plugins\meeting-scheduler-by-vcita\vcita-widgets-functions.php on line 45
[09-Jun-2026 11:44:16 UTC] PHP Warning:  Undefined array key "uid" in C:\Users\navne\Local Sites\acm-local\app\public\wp-content\plugins\meeting-scheduler-by-vcita\vcita-widgets-functions.php on line 45
[09-Jun-2026 11:50:17 UTC] Cron reschedule event error for hook: wpfts_indexer_event, Error code: could_not_set, Error message: The cron event list could not be saved., Data: {"schedule":"wpfts_each_minute","args":[],"interval":60}
[09-Jun-2026 11:54:10 UTC] PHP Warning:  Undefined array key "uid" in C:\Users\navne\Local Sites\acm-local\app\public\wp-content\plugins\meeting-scheduler-by-vcita\vcita-widgets-functions.php on line 45
[09-Jun-2026 11:55:10 UTC] PHP Warning:  Undefined array key "uid" in C:\Users\navne\Local Sites\acm-local\app\public\wp-content\plugins\meeting-scheduler-by-vcita\vcita-widgets-functions.php on line 45
[09-Jun-2026 11:56:34 UTC] PHP Warning:  Undefined array key "uid" in C:\Users\navne\Local Sites\acm-local\app\public\wp-content\plugins\meeting-scheduler-by-vcita\vcita-widgets-functions.php on line 45
[09-Jun-2026 11:56:41 UTC] PHP Warning:  Undefined array key "uid" in C:\Users\navne\Local Sites\acm-local\app\public\wp-content\plugins\meeting-scheduler-by-vcita\vcita-widgets-functions.php on line 45
[09-Jun-2026 11:56:53 UTC] PHP Warning:  Undefined array key "uid" in C:\Users\navne\Local Sites\acm-local\app\public\wp-content\plugins\meeting-scheduler-by-vcita\vcita-widgets-functions.php on line 45
[09-Jun-2026 11:57:53 UTC] PHP Warning:  Undefined array key "uid" in C:\Users\navne\Local Sites\acm-local\app\public\wp-content\plugins\meeting-scheduler-by-vcita\vcita-widgets-functions.php on line 45
[09-Jun-2026 11:58:01 UTC] PHP Warning:  Undefined array key "uid" in C:\Users\navne\Local Sites\acm-local\app\public\wp-content\plugins\meeting-scheduler-by-vcita\vcita-widgets-functions.php on line 45
[09-Jun-2026 11:58:09 UTC] PHP Warning:  Undefined array key "uid" in C:\Users\navne\Local Sites\acm-local\app\public\wp-content\plugins\meeting-scheduler-by-vcita\vcita-widgets-functions.php on line 45
[09-Jun-2026 11:58:10 UTC] PHP Warning:  Undefined array key "uid" in C:\Users\navne\Local Sites\acm-local\app\public\wp-content\plugins\meeting-scheduler-by-vcita\vcita-widgets-functions.php on line 45
[09-Jun-2026 11:58:24 UTC] PHP Warning:  Undefined array key "uid" in C:\Users\navne\Local Sites\acm-local\app\public\wp-content\plugins\meeting-scheduler-by-vcita\vcita-widgets-functions.php on line 45
[09-Jun-2026 12:03:51 UTC] PHP Warning:  Undefined array key "uid" in C:\Users\navne\Local Sites\acm-local\app\public\wp-content\plugins\meeting-scheduler-by-vcita\vcita-widgets-functions.php on line 45
[09-Jun-2026 12:04:19 UTC] PHP Warning:  Undefined array key "uid" in C:\Users\navne\Local Sites\acm-local\app\public\wp-content\plugins\meeting-scheduler-by-vcita\vcita-widgets-functions.php on line 45
[09-Jun-2026 12:05:15 UTC] PHP Warning:  Undefined array key "uid" in C:\Users\navne\Local Sites\acm-local\app\public\wp-content\plugins\meeting-scheduler-by-vcita\vcita-widgets-functions.php on line 45
[09-Jun-2026 12:06:06 UTC] PHP Warning:  Undefined array key "uid" in C:\Users\navne\Local Sites\acm-local\app\public\wp-content\plugins\meeting-scheduler-by-vcita\vcita-widgets-functions.php on line 45
[09-Jun-2026 12:06:12 UTC] PHP Warning:  Undefined array key "uid" in C:\Users\navne\Local Sites\acm-local\app\public\wp-content\plugins\meeting-scheduler-by-vcita\vcita-widgets-functions.php on line 45
[09-Jun-2026 12:06:42 UTC] PHP Warning:  Undefined array key "uid" in C:\Users\navne\Local Sites\acm-local\app\public\wp-content\plugins\meeting-scheduler-by-vcita\vcita-widgets-functions.php on line 45
[09-Jun-2026 12:06:48 UTC] PHP Warning:  Undefined array key "uid" in C:\Users\navne\Local Sites\acm-local\app\public\wp-content\plugins\meeting-scheduler-by-vcita\vcita-widgets-functions.php on line 45
[09-Jun-2026 12:06:51 UTC] PHP Warning:  Undefined array key "uid" in C:\Users\navne\Local Sites\acm-local\app\public\wp-content\plugins\meeting-scheduler-by-vcita\vcita-widgets-functions.php on line 45
[09-Jun-2026 12:06:51 UTC] PHP Warning:  Undefined array key "uid" in C:\Users\navne\Local Sites\acm-local\app\public\wp-content\plugins\meeting-scheduler-by-vcita\vcita-widgets-functions.php on line 45
[09-Jun-2026 12:06:51 UTC] PHP Warning:  Undefined array key "uid" in C:\Users\navne\Local Sites\acm-local\app\public\wp-content\plugins\meeting-scheduler-by-vcita\vcita-widgets-functions.php on line 45
[09-Jun-2026 12:06:51 UTC] PHP Warning:  Undefined array key "uid" in C:\Users\navne\Local Sites\acm-local\app\public\wp-content\plugins\meeting-scheduler-by-vcita\vcita-widgets-functions.php on line 45
[09-Jun-2026 12:06:52 UTC] PHP Warning:  Undefined array key "uid" in C:\Users\navne\Local Sites\acm-local\app\public\wp-content\plugins\meeting-scheduler-by-vcita\vcita-widgets-functions.php on line 45
[09-Jun-2026 12:06:52 UTC] PHP Warning:  Undefined array key "uid" in C:\Users\navne\Local Sites\acm-local\app\public\wp-content\plugins\meeting-scheduler-by-vcita\vcita-widgets-functions.php on line 45
[09-Jun-2026 12:08:05 UTC] PHP Warning:  Undefined array key "uid" in C:\Users\navne\Local Sites\acm-local\app\public\wp-content\plugins\meeting-scheduler-by-vcita\vcita-widgets-functions.php on line 45
[09-Jun-2026 12:12:34 UTC] PHP Warning:  Undefined array key "uid" in C:\Users\navne\Local Sites\acm-local\app\public\wp-content\plugins\meeting-scheduler-by-vcita\vcita-widgets-functions.php on line 45
[09-Jun-2026 12:12:57 UTC] PHP Warning:  Undefined array key "uid" in C:\Users\navne\Local Sites\acm-local\app\public\wp-content\plugins\meeting-scheduler-by-vcita\vcita-widgets-functions.php on line 45
[09-Jun-2026 12:12:57 UTC] PHP Warning:  Undefined array key "uid" in C:\Users\navne\Local Sites\acm-local\app\public\wp-content\plugins\meeting-scheduler-by-vcita\vcita-widgets-functions.php on line 45
[09-Jun-2026 12:12:57 UTC] PHP Warning:  Undefined array key "uid" in C:\Users\navne\Local Sites\acm-local\app\public\wp-content\plugins\meeting-scheduler-by-vcita\vcita-widgets-functions.php on line 45
[09-Jun-2026 12:12:58 UTC] PHP Warning:  Undefined array key "uid" in C:\Users\navne\Local Sites\acm-local\app\public\wp-content\plugins\meeting-scheduler-by-vcita\vcita-widgets-functions.php on line 45
[09-Jun-2026 12:12:58 UTC] PHP Warning:  Undefined array key "uid" in C:\Users\navne\Local Sites\acm-local\app\public\wp-content\plugins\meeting-scheduler-by-vcita\vcita-widgets-functions.php on line 45
[09-Jun-2026 12:12:58 UTC] PHP Warning:  Undefined array key "uid" in C:\Users\navne\Local Sites\acm-local\app\public\wp-content\plugins\meeting-scheduler-by-vcita\vcita-widgets-functions.php on line 45
[09-Jun-2026 12:12:58 UTC] PHP Warning:  Undefined array key "uid" in C:\Users\navne\Local Sites\acm-local\app\public\wp-content\plugins\meeting-scheduler-by-vcita\vcita-widgets-functions.php on line 45
[09-Jun-2026 12:15:16 UTC] PHP Warning:  Undefined array key "uid" in C:\Users\navne\Local Sites\acm-local\app\public\wp-content\plugins\meeting-scheduler-by-vcita\vcita-widgets-functions.php on line 45
[09-Jun-2026 12:15:20 UTC] PHP Warning:  Undefined array key "uid" in C:\Users\navne\Local Sites\acm-local\app\public\wp-content\plugins\meeting-scheduler-by-vcita\vcita-widgets-functions.php on line 45
[09-Jun-2026 12:15:23 UTC] PHP Warning:  Undefined array key "uid" in C:\Users\navne\Local Sites\acm-local\app\public\wp-content\plugins\meeting-scheduler-by-vcita\vcita-widgets-functions.php on line 45
[09-Jun-2026 12:17:04 UTC] PHP Warning:  Undefined array key "uid" in C:\Users\navne\Local Sites\acm-local\app\public\wp-content\plugins\meeting-scheduler-by-vcita\vcita-widgets-functions.php on line 45
[09-Jun-2026 12:17:09 UTC] PHP Warning:  Undefined array key "uid" in C:\Users\navne\Local Sites\acm-local\app\public\wp-content\plugins\meeting-scheduler-by-vcita\vcita-widgets-functions.php on line 45
[09-Jun-2026 12:17:14 UTC] PHP Warning:  Undefined array key "uid" in C:\Users\navne\Local Sites\acm-local\app\public\wp-content\plugins\meeting-scheduler-by-vcita\vcita-widgets-functions.php on line 45
[09-Jun-2026 12:17:20 UTC] PHP Warning:  Undefined array key "uid" in C:\Users\navne\Local Sites\acm-local\app\public\wp-content\plugins\meeting-scheduler-by-vcita\vcita-widgets-functions.php on line 45
[09-Jun-2026 12:17:21 UTC] PHP Warning:  Undefined array key "uid" in C:\Users\navne\Local Sites\acm-local\app\public\wp-content\plugins\meeting-scheduler-by-vcita\vcita-widgets-functions.php on line 45
[09-Jun-2026 12:17:21 UTC] PHP Warning:  Undefined array key "uid" in C:\Users\navne\Local Sites\acm-local\app\public\wp-content\plugins\meeting-scheduler-by-vcita\vcita-widgets-functions.php on line 45
[09-Jun-2026 12:17:21 UTC] PHP Warning:  Undefined array key "uid" in C:\Users\navne\Local Sites\acm-local\app\public\wp-content\plugins\meeting-scheduler-by-vcita\vcita-widgets-functions.php on line 45
[09-Jun-2026 12:17:22 UTC] PHP Warning:  Undefined array key "uid" in C:\Users\navne\Local Sites\acm-local\app\public\wp-content\plugins\meeting-scheduler-by-vcita\vcita-widgets-functions.php on line 45
[09-Jun-2026 12:17:22 UTC] PHP Warning:  Undefined array key "uid" in C:\Users\navne\Local Sites\acm-local\app\public\wp-content\plugins\meeting-scheduler-by-vcita\vcita-widgets-functions.php on line 45
[09-Jun-2026 12:17:22 UTC] PHP Warning:  Undefined array key "uid" in C:\Users\navne\Local Sites\acm-local\app\public\wp-content\plugins\meeting-scheduler-by-vcita\vcita-widgets-functions.php on line 45
[09-Jun-2026 12:17:23 UTC] PHP Warning:  Undefined array key "uid" in C:\Users\navne\Local Sites\acm-local\app\public\wp-content\plugins\meeting-scheduler-by-vcita\vcita-widgets-functions.php on line 45
[09-Jun-2026 12:17:23 UTC] PHP Warning:  Undefined array key "uid" in C:\Users\navne\Local Sites\acm-local\app\public\wp-content\plugins\meeting-scheduler-by-vcita\vcita-widgets-functions.php on line 45
[09-Jun-2026 12:22:36 UTC] PHP Warning:  Undefined array key "uid" in C:\Users\navne\Local Sites\acm-local\app\public\wp-content\plugins\meeting-scheduler-by-vcita\vcita-widgets-functions.php on line 45
[09-Jun-2026 12:23:37 UTC] PHP Warning:  Undefined array key "uid" in C:\Users\navne\Local Sites\acm-local\app\public\wp-content\plugins\meeting-scheduler-by-vcita\vcita-widgets-functions.php on line 45
[09-Jun-2026 12:24:23 UTC] PHP Warning:  Undefined array key "uid" in C:\Users\navne\Local Sites\acm-local\app\public\wp-content\plugins\meeting-scheduler-by-vcita\vcita-widgets-functions.php on line 45
[09-Jun-2026 12:25:49 UTC] PHP Warning:  Undefined array key "uid" in C:\Users\navne\Local Sites\acm-local\app\public\wp-content\plugins\meeting-scheduler-by-vcita\vcita-widgets-functions.php on line 45
[09-Jun-2026 12:28:10 UTC] PHP Warning:  Undefined array key "uid" in C:\Users\navne\Local Sites\acm-local\app\public\wp-content\plugins\meeting-scheduler-by-vcita\vcita-widgets-functions.php on line 45
[09-Jun-2026 12:30:34 UTC] PHP Warning:  Undefined array key "uid" in C:\Users\navne\Local Sites\acm-local\app\public\wp-content\plugins\meeting-scheduler-by-vcita\vcita-widgets-functions.php on line 45
[09-Jun-2026 12:31:20 UTC] PHP Warning:  Undefined array key "uid" in C:\Users\navne\Local Sites\acm-local\app\public\wp-content\plugins\meeting-scheduler-by-vcita\vcita-widgets-functions.php on line 45
[09-Jun-2026 12:31:28 UTC] PHP Warning:  Undefined array key "uid" in C:\Users\navne\Local Sites\acm-local\app\public\wp-content\plugins\meeting-scheduler-by-vcita\vcita-widgets-functions.php on line 45
[09-Jun-2026 12:31:33 UTC] PHP Warning:  Undefined array key "uid" in C:\Users\navne\Local Sites\acm-local\app\public\wp-content\plugins\meeting-scheduler-by-vcita\vcita-widgets-functions.php on line 45
[09-Jun-2026 12:33:39 UTC] PHP Warning:  Undefined array key "uid" in C:\Users\navne\Local Sites\acm-local\app\public\wp-content\plugins\meeting-scheduler-by-vcita\vcita-widgets-functions.php on line 45
[09-Jun-2026 12:34:10 UTC] PHP Warning:  Undefined array key "uid" in C:\Users\navne\Local Sites\acm-local\app\public\wp-content\plugins\meeting-scheduler-by-vcita\vcita-widgets-functions.php on line 45
[09-Jun-2026 12:34:37 UTC] PHP Warning:  Undefined array key "uid" in C:\Users\navne\Local Sites\acm-local\app\public\wp-content\plugins\meeting-scheduler-by-vcita\vcita-widgets-functions.php on line 45
[09-Jun-2026 12:36:11 UTC] PHP Warning:  Undefined array key "uid" in C:\Users\navne\Local Sites\acm-local\app\public\wp-content\plugins\meeting-scheduler-by-vcita\vcita-widgets-functions.php on line 45
[09-Jun-2026 12:36:23 UTC] PHP Warning:  Undefined array key "uid" in C:\Users\navne\Local Sites\acm-local\app\public\wp-content\plugins\meeting-scheduler-by-vcita\vcita-widgets-functions.php on line 45
[09-Jun-2026 12:36:34 UTC] PHP Warning:  Undefined array key "uid" in C:\Users\navne\Local Sites\acm-local\app\public\wp-content\plugins\meeting-scheduler-by-vcita\vcita-widgets-functions.php on line 45
[09-Jun-2026 12:36:35 UTC] PHP Warning:  Undefined array key "uid" in C:\Users\navne\Local Sites\acm-local\app\public\wp-content\plugins\meeting-scheduler-by-vcita\vcita-widgets-functions.php on line 45
[09-Jun-2026 12:36:35 UTC] PHP Warning:  Undefined array key "uid" in C:\Users\navne\Local Sites\acm-local\app\public\wp-content\plugins\meeting-scheduler-by-vcita\vcita-widgets-functions.php on line 45
[09-Jun-2026 12:36:35 UTC] PHP Warning:  Undefined array key "uid" in C:\Users\navne\Local Sites\acm-local\app\public\wp-content\plugins\meeting-scheduler-by-vcita\vcita-widgets-functions.php on line 45
[09-Jun-2026 12:36:35 UTC] PHP Warning:  Undefined array key "uid" in C:\Users\navne\Local Sites\acm-local\app\public\wp-content\plugins\meeting-scheduler-by-vcita\vcita-widgets-functions.php on line 45
[09-Jun-2026 12:36:36 UTC] PHP Warning:  Undefined array key "uid" in C:\Users\navne\Local Sites\acm-local\app\public\wp-content\plugins\meeting-scheduler-by-vcita\vcita-widgets-functions.php on line 45
[09-Jun-2026 12:36:36 UTC] PHP Warning:  Undefined array key "uid" in C:\Users\navne\Local Sites\acm-local\app\public\wp-content\plugins\meeting-scheduler-by-vcita\vcita-widgets-functions.php on line 45
[09-Jun-2026 12:36:52 UTC] PHP Warning:  Undefined array key "uid" in C:\Users\navne\Local Sites\acm-local\app\public\wp-content\plugins\meeting-scheduler-by-vcita\vcita-widgets-functions.php on line 45
[09-Jun-2026 12:36:53 UTC] PHP Warning:  Undefined array key "uid" in C:\Users\navne\Local Sites\acm-local\app\public\wp-content\plugins\meeting-scheduler-by-vcita\vcita-widgets-functions.php on line 45
[09-Jun-2026 12:36:54 UTC] PHP Warning:  Undefined array key "uid" in C:\Users\navne\Local Sites\acm-local\app\public\wp-content\plugins\meeting-scheduler-by-vcita\vcita-widgets-functions.php on line 45
[09-Jun-2026 12:36:54 UTC] PHP Warning:  Undefined array key "uid" in C:\Users\navne\Local Sites\acm-local\app\public\wp-content\plugins\meeting-scheduler-by-vcita\vcita-widgets-functions.php on line 45
[09-Jun-2026 12:38:22 UTC] PHP Warning:  Undefined array key "uid" in C:\Users\navne\Local Sites\acm-local\app\public\wp-content\plugins\meeting-scheduler-by-vcita\vcita-widgets-functions.php on line 45
[09-Jun-2026 12:39:27 UTC] PHP Warning:  Undefined array key "uid" in C:\Users\navne\Local Sites\acm-local\app\public\wp-content\plugins\meeting-scheduler-by-vcita\vcita-widgets-functions.php on line 45
[09-Jun-2026 12:40:37 UTC] PHP Warning:  Undefined array key "uid" in C:\Users\navne\Local Sites\acm-local\app\public\wp-content\plugins\meeting-scheduler-by-vcita\vcita-widgets-functions.php on line 45
[09-Jun-2026 12:40:41 UTC] PHP Warning:  Undefined array key "uid" in C:\Users\navne\Local Sites\acm-local\app\public\wp-content\plugins\meeting-scheduler-by-vcita\vcita-widgets-functions.php on line 45
[09-Jun-2026 12:40:47 UTC] PHP Warning:  Undefined array key "uid" in C:\Users\navne\Local Sites\acm-local\app\public\wp-content\plugins\meeting-scheduler-by-vcita\vcita-widgets-functions.php on line 45
[09-Jun-2026 12:40:51 UTC] PHP Warning:  Undefined array key "uid" in C:\Users\navne\Local Sites\acm-local\app\public\wp-content\plugins\meeting-scheduler-by-vcita\vcita-widgets-functions.php on line 45
[09-Jun-2026 12:40:54 UTC] PHP Warning:  Undefined array key "uid" in C:\Users\navne\Local Sites\acm-local\app\public\wp-content\plugins\meeting-scheduler-by-vcita\vcita-widgets-functions.php on line 45
[09-Jun-2026 12:40:58 UTC] PHP Warning:  Undefined array key "uid" in C:\Users\navne\Local Sites\acm-local\app\public\wp-content\plugins\meeting-scheduler-by-vcita\vcita-widgets-functions.php on line 45
[09-Jun-2026 12:41:01 UTC] PHP Warning:  Undefined array key "uid" in C:\Users\navne\Local Sites\acm-local\app\public\wp-content\plugins\meeting-scheduler-by-vcita\vcita-widgets-functions.php on line 45
[09-Jun-2026 12:41:07 UTC] PHP Warning:  Undefined array key "uid" in C:\Users\navne\Local Sites\acm-local\app\public\wp-content\plugins\meeting-scheduler-by-vcita\vcita-widgets-functions.php on line 45
[09-Jun-2026 12:42:30 UTC] PHP Warning:  Undefined array key "uid" in C:\Users\navne\Local Sites\acm-local\app\public\wp-content\plugins\meeting-scheduler-by-vcita\vcita-widgets-functions.php on line 45
[09-Jun-2026 12:42:33 UTC] PHP Warning:  Undefined array key "uid" in C:\Users\navne\Local Sites\acm-local\app\public\wp-content\plugins\meeting-scheduler-by-vcita\vcita-widgets-functions.php on line 45
[09-Jun-2026 12:43:02 UTC] PHP Warning:  Undefined array key "uid" in C:\Users\navne\Local Sites\acm-local\app\public\wp-content\plugins\meeting-scheduler-by-vcita\vcita-widgets-functions.php on line 45
[09-Jun-2026 12:43:07 UTC] PHP Warning:  Undefined array key "uid" in C:\Users\navne\Local Sites\acm-local\app\public\wp-content\plugins\meeting-scheduler-by-vcita\vcita-widgets-functions.php on line 45
[09-Jun-2026 12:43:13 UTC] PHP Warning:  Undefined array key "uid" in C:\Users\navne\Local Sites\acm-local\app\public\wp-content\plugins\meeting-scheduler-by-vcita\vcita-widgets-functions.php on line 45
[09-Jun-2026 12:43:14 UTC] PHP Warning:  Undefined array key "uid" in C:\Users\navne\Local Sites\acm-local\app\public\wp-content\plugins\meeting-scheduler-by-vcita\vcita-widgets-functions.php on line 45
[09-Jun-2026 12:44:06 UTC] PHP Warning:  Undefined array key "uid" in C:\Users\navne\Local Sites\acm-local\app\public\wp-content\plugins\meeting-scheduler-by-vcita\vcita-widgets-functions.php on line 45
[09-Jun-2026 12:47:04 UTC] PHP Warning:  Undefined array key "uid" in C:\Users\navne\Local Sites\acm-local\app\public\wp-content\plugins\meeting-scheduler-by-vcita\vcita-widgets-functions.php on line 45
[09-Jun-2026 12:47:14 UTC] PHP Warning:  Undefined array key "uid" in C:\Users\navne\Local Sites\acm-local\app\public\wp-content\plugins\meeting-scheduler-by-vcita\vcita-widgets-functions.php on line 45
[09-Jun-2026 12:47:15 UTC] PHP Warning:  Undefined array key "uid" in C:\Users\navne\Local Sites\acm-local\app\public\wp-content\plugins\meeting-scheduler-by-vcita\vcita-widgets-functions.php on line 45
[09-Jun-2026 12:47:15 UTC] PHP Warning:  Undefined array key "uid" in C:\Users\navne\Local Sites\acm-local\app\public\wp-content\plugins\meeting-scheduler-by-vcita\vcita-widgets-functions.php on line 45
[09-Jun-2026 12:47:15 UTC] PHP Warning:  Undefined array key "uid" in C:\Users\navne\Local Sites\acm-local\app\public\wp-content\plugins\meeting-scheduler-by-vcita\vcita-widgets-functions.php on line 45
[09-Jun-2026 12:47:15 UTC] PHP Warning:  Undefined array key "uid" in C:\Users\navne\Local Sites\acm-local\app\public\wp-content\plugins\meeting-scheduler-by-vcita\vcita-widgets-functions.php on line 45
[09-Jun-2026 12:48:57 UTC] PHP Warning:  Undefined array key "uid" in C:\Users\navne\Local Sites\acm-local\app\public\wp-content\plugins\meeting-scheduler-by-vcita\vcita-widgets-functions.php on line 45
[09-Jun-2026 12:49:14 UTC] PHP Warning:  Undefined array key "uid" in C:\Users\navne\Local Sites\acm-local\app\public\wp-content\plugins\meeting-scheduler-by-vcita\vcita-widgets-functions.php on line 45
[09-Jun-2026 12:50:34 UTC] PHP Warning:  Undefined array key "uid" in C:\Users\navne\Local Sites\acm-local\app\public\wp-content\plugins\meeting-scheduler-by-vcita\vcita-widgets-functions.php on line 45
[09-Jun-2026 12:50:37 UTC] PHP Warning:  Undefined array key "uid" in C:\Users\navne\Local Sites\acm-local\app\public\wp-content\plugins\meeting-scheduler-by-vcita\vcita-widgets-functions.php on line 45
[09-Jun-2026 12:51:00 UTC] PHP Warning:  Undefined array key "uid" in C:\Users\navne\Local Sites\acm-local\app\public\wp-content\plugins\meeting-scheduler-by-vcita\vcita-widgets-functions.php on line 45
[09-Jun-2026 12:51:15 UTC] PHP Warning:  Undefined array key "uid" in C:\Users\navne\Local Sites\acm-local\app\public\wp-content\plugins\meeting-scheduler-by-vcita\vcita-widgets-functions.php on line 45
[09-Jun-2026 12:51:43 UTC] PHP Warning:  Undefined array key "uid" in C:\Users\navne\Local Sites\acm-local\app\public\wp-content\plugins\meeting-scheduler-by-vcita\vcita-widgets-functions.php on line 45
[09-Jun-2026 12:52:40 UTC] PHP Warning:  Undefined array key "uid" in C:\Users\navne\Local Sites\acm-local\app\public\wp-content\plugins\meeting-scheduler-by-vcita\vcita-widgets-functions.php on line 45
[09-Jun-2026 12:53:01 UTC] PHP Warning:  Undefined array key "uid" in C:\Users\navne\Local Sites\acm-local\app\public\wp-content\plugins\meeting-scheduler-by-vcita\vcita-widgets-functions.php on line 45
[09-Jun-2026 12:53:31 UTC] PHP Warning:  Undefined array key "uid" in C:\Users\navne\Local Sites\acm-local\app\public\wp-content\plugins\meeting-scheduler-by-vcita\vcita-widgets-functions.php on line 45
[09-Jun-2026 12:53:38 UTC] PHP Warning:  Undefined array key "uid" in C:\Users\navne\Local Sites\acm-local\app\public\wp-content\plugins\meeting-scheduler-by-vcita\vcita-widgets-functions.php on line 45
[09-Jun-2026 12:55:04 UTC] PHP Warning:  Undefined array key "uid" in C:\Users\navne\Local Sites\acm-local\app\public\wp-content\plugins\meeting-scheduler-by-vcita\vcita-widgets-functions.php on line 45
[09-Jun-2026 12:56:21 UTC] PHP Warning:  Undefined array key "uid" in C:\Users\navne\Local Sites\acm-local\app\public\wp-content\plugins\meeting-scheduler-by-vcita\vcita-widgets-functions.php on line 45
[09-Jun-2026 12:56:21 UTC] PHP Warning:  Undefined array key "uid" in C:\Users\navne\Local Sites\acm-local\app\public\wp-content\plugins\meeting-scheduler-by-vcita\vcita-widgets-functions.php on line 45
[09-Jun-2026 12:57:24 UTC] PHP Warning:  Undefined array key "uid" in C:\Users\navne\Local Sites\acm-local\app\public\wp-content\plugins\meeting-scheduler-by-vcita\vcita-widgets-functions.php on line 45
[09-Jun-2026 12:58:01 UTC] PHP Warning:  Undefined array key "uid" in C:\Users\navne\Local Sites\acm-local\app\public\wp-content\plugins\meeting-scheduler-by-vcita\vcita-widgets-functions.php on line 45
[09-Jun-2026 12:58:42 UTC] PHP Warning:  Undefined array key "uid" in C:\Users\navne\Local Sites\acm-local\app\public\wp-content\plugins\meeting-scheduler-by-vcita\vcita-widgets-functions.php on line 45
[09-Jun-2026 12:58:43 UTC] PHP Warning:  Undefined array key "uid" in C:\Users\navne\Local Sites\acm-local\app\public\wp-content\plugins\meeting-scheduler-by-vcita\vcita-widgets-functions.php on line 45
[09-Jun-2026 13:02:24 UTC] Cron reschedule event error for hook: wpfts_indexer_event, Error code: could_not_set, Error message: The cron event list could not be saved., Data: {"schedule":"wpfts_each_minute","args":[],"interval":60}
[09-Jun-2026 13:06:29 UTC] Cron reschedule event error for hook: wpfts_indexer_event, Error code: could_not_set, Error message: The cron event list could not be saved., Data: {"schedule":"wpfts_each_minute","args":[],"interval":60}
[09-Jun-2026 13:06:44 UTC] Cron reschedule event error for hook: wpfts_log_clean, Error code: could_not_set, Error message: The cron event list could not be saved., Data: {"schedule":"wpfts_each_hour","args":[],"interval":3600}
[09-Jun-2026 13:10:34 UTC] Cron reschedule event error for hook: wpfts_indexer_event, Error code: could_not_set, Error message: The cron event list could not be saved., Data: {"schedule":"wpfts_each_minute","args":[],"interval":60}
[09-Jun-2026 13:13:19 UTC] Cron reschedule event error for hook: action_scheduler_run_queue, Error code: could_not_set, Error message: The cron event list could not be saved., Data: {"schedule":"every_minute","args":["WP Cron"],"interval":60}
[09-Jun-2026 13:24:30 UTC] PHP Warning:  Undefined array key "uid" in C:\Users\navne\Local Sites\acm-local\app\public\wp-content\plugins\meeting-scheduler-by-vcita\vcita-widgets-functions.php on line 45
[09-Jun-2026 13:24:40 UTC] PHP Warning:  Undefined array key "uid" in C:\Users\navne\Local Sites\acm-local\app\public\wp-content\plugins\meeting-scheduler-by-vcita\vcita-widgets-functions.php on line 45
[09-Jun-2026 13:24:47 UTC] PHP Warning:  Undefined array key "uid" in C:\Users\navne\Local Sites\acm-local\app\public\wp-content\plugins\meeting-scheduler-by-vcita\vcita-widgets-functions.php on line 45
[09-Jun-2026 13:25:50 UTC] PHP Warning:  Undefined array key "uid" in C:\Users\navne\Local Sites\acm-local\app\public\wp-content\plugins\meeting-scheduler-by-vcita\vcita-widgets-functions.php on line 45
[09-Jun-2026 13:26:40 UTC] PHP Warning:  Undefined array key "uid" in C:\Users\navne\Local Sites\acm-local\app\public\wp-content\plugins\meeting-scheduler-by-vcita\vcita-widgets-functions.php on line 45
[09-Jun-2026 13:26:42 UTC] PHP Warning:  Undefined array key "uid" in C:\Users\navne\Local Sites\acm-local\app\public\wp-content\plugins\meeting-scheduler-by-vcita\vcita-widgets-functions.php on line 45
[09-Jun-2026 13:26:59 UTC] PHP Warning:  Undefined array key "uid" in C:\Users\navne\Local Sites\acm-local\app\public\wp-content\plugins\meeting-scheduler-by-vcita\vcita-widgets-functions.php on line 45
[09-Jun-2026 13:27:47 UTC] PHP Warning:  Undefined array key "uid" in C:\Users\navne\Local Sites\acm-local\app\public\wp-content\plugins\meeting-scheduler-by-vcita\vcita-widgets-functions.php on line 45
[09-Jun-2026 13:27:57 UTC] PHP Warning:  Undefined array key "uid" in C:\Users\navne\Local Sites\acm-local\app\public\wp-content\plugins\meeting-scheduler-by-vcita\vcita-widgets-functions.php on line 45
[09-Jun-2026 13:27:58 UTC] PHP Warning:  Undefined array key "uid" in C:\Users\navne\Local Sites\acm-local\app\public\wp-content\plugins\meeting-scheduler-by-vcita\vcita-widgets-functions.php on line 45
[09-Jun-2026 13:27:58 UTC] PHP Warning:  Undefined array key "uid" in C:\Users\navne\Local Sites\acm-local\app\public\wp-content\plugins\meeting-scheduler-by-vcita\vcita-widgets-functions.php on line 45
[09-Jun-2026 13:29:41 UTC] PHP Warning:  Undefined array key "uid" in C:\Users\navne\Local Sites\acm-local\app\public\wp-content\plugins\meeting-scheduler-by-vcita\vcita-widgets-functions.php on line 45
[09-Jun-2026 13:30:18 UTC] PHP Warning:  Undefined array key "uid" in C:\Users\navne\Local Sites\acm-local\app\public\wp-content\plugins\meeting-scheduler-by-vcita\vcita-widgets-functions.php on line 45
[09-Jun-2026 13:30:19 UTC] PHP Warning:  Undefined array key "uid" in C:\Users\navne\Local Sites\acm-local\app\public\wp-content\plugins\meeting-scheduler-by-vcita\vcita-widgets-functions.php on line 45
[09-Jun-2026 13:31:36 UTC] PHP Warning:  Undefined array key "uid" in C:\Users\navne\Local Sites\acm-local\app\public\wp-content\plugins\meeting-scheduler-by-vcita\vcita-widgets-functions.php on line 45
[09-Jun-2026 13:31:36 UTC] PHP Warning:  Undefined array key "uid" in C:\Users\navne\Local Sites\acm-local\app\public\wp-content\plugins\meeting-scheduler-by-vcita\vcita-widgets-functions.php on line 45
[09-Jun-2026 13:33:23 UTC] PHP Warning:  Undefined array key "uid" in C:\Users\navne\Local Sites\acm-local\app\public\wp-content\plugins\meeting-scheduler-by-vcita\vcita-widgets-functions.php on line 45
[09-Jun-2026 13:33:59 UTC] PHP Warning:  Undefined array key "uid" in C:\Users\navne\Local Sites\acm-local\app\public\wp-content\plugins\meeting-scheduler-by-vcita\vcita-widgets-functions.php on line 45
[09-Jun-2026 13:37:24 UTC] Cron reschedule event error for hook: action_scheduler_run_queue, Error code: could_not_set, Error message: The cron event list could not be saved., Data: {"schedule":"every_minute","args":["WP Cron"],"interval":60}
[09-Jun-2026 13:38:57 UTC] PHP Warning:  Undefined array key "uid" in C:\Users\navne\Local Sites\acm-local\app\public\wp-content\plugins\meeting-scheduler-by-vcita\vcita-widgets-functions.php on line 45
[09-Jun-2026 13:38:59 UTC] PHP Warning:  Undefined array key "uid" in C:\Users\navne\Local Sites\acm-local\app\public\wp-content\plugins\meeting-scheduler-by-vcita\vcita-widgets-functions.php on line 45
[09-Jun-2026 13:39:40 UTC] PHP Warning:  Undefined array key "uid" in C:\Users\navne\Local Sites\acm-local\app\public\wp-content\plugins\meeting-scheduler-by-vcita\vcita-widgets-functions.php on line 45
[09-Jun-2026 13:39:40 UTC] PHP Warning:  Undefined array key "uid" in C:\Users\navne\Local Sites\acm-local\app\public\wp-content\plugins\meeting-scheduler-by-vcita\vcita-widgets-functions.php on line 45
[09-Jun-2026 13:45:51 UTC] PHP Warning:  Undefined array key "uid" in C:\Users\navne\Local Sites\acm-local\app\public\wp-content\plugins\meeting-scheduler-by-vcita\vcita-widgets-functions.php on line 45
[09-Jun-2026 13:46:28 UTC] PHP Warning:  Undefined array key "uid" in C:\Users\navne\Local Sites\acm-local\app\public\wp-content\plugins\meeting-scheduler-by-vcita\vcita-widgets-functions.php on line 45
[09-Jun-2026 13:51:41 UTC] Cron reschedule event error for hook: wpfts_indexer_event, Error code: could_not_set, Error message: The cron event list could not be saved., Data: {"schedule":"wpfts_each_minute","args":[],"interval":60}
[09-Jun-2026 13:52:30 UTC] PHP Warning:  Undefined array key "uid" in C:\Users\navne\Local Sites\acm-local\app\public\wp-content\plugins\meeting-scheduler-by-vcita\vcita-widgets-functions.php on line 45
[09-Jun-2026 13:52:31 UTC] PHP Warning:  Undefined array key "uid" in C:\Users\navne\Local Sites\acm-local\app\public\wp-content\plugins\meeting-scheduler-by-vcita\vcita-widgets-functions.php on line 45
[09-Jun-2026 13:53:02 UTC] PHP Warning:  Undefined array key "uid" in C:\Users\navne\Local Sites\acm-local\app\public\wp-content\plugins\meeting-scheduler-by-vcita\vcita-widgets-functions.php on line 45
[09-Jun-2026 13:53:32 UTC] PHP Warning:  Undefined array key "uid" in C:\Users\navne\Local Sites\acm-local\app\public\wp-content\plugins\meeting-scheduler-by-vcita\vcita-widgets-functions.php on line 45
[09-Jun-2026 13:54:14 UTC] PHP Warning:  Undefined array key "uid" in C:\Users\navne\Local Sites\acm-local\app\public\wp-content\plugins\meeting-scheduler-by-vcita\vcita-widgets-functions.php on line 45
[09-Jun-2026 13:54:44 UTC] PHP Warning:  Undefined array key "uid" in C:\Users\navne\Local Sites\acm-local\app\public\wp-content\plugins\meeting-scheduler-by-vcita\vcita-widgets-functions.php on line 45
[09-Jun-2026 13:56:19 UTC] PHP Warning:  Undefined array key "uid" in C:\Users\navne\Local Sites\acm-local\app\public\wp-content\plugins\meeting-scheduler-by-vcita\vcita-widgets-functions.php on line 45
[09-Jun-2026 13:57:50 UTC] PHP Warning:  Undefined array key "uid" in C:\Users\navne\Local Sites\acm-local\app\public\wp-content\plugins\meeting-scheduler-by-vcita\vcita-widgets-functions.php on line 45
[09-Jun-2026 13:57:52 UTC] PHP Warning:  Undefined array key "uid" in C:\Users\navne\Local Sites\acm-local\app\public\wp-content\plugins\meeting-scheduler-by-vcita\vcita-widgets-functions.php on line 45
[09-Jun-2026 13:59:22 UTC] PHP Warning:  Undefined array key "uid" in C:\Users\navne\Local Sites\acm-local\app\public\wp-content\plugins\meeting-scheduler-by-vcita\vcita-widgets-functions.php on line 45
[09-Jun-2026 13:59:23 UTC] PHP Warning:  Undefined array key "uid" in C:\Users\navne\Local Sites\acm-local\app\public\wp-content\plugins\meeting-scheduler-by-vcita\vcita-widgets-functions.php on line 45
[09-Jun-2026 13:59:24 UTC] PHP Warning:  Undefined array key "uid" in C:\Users\navne\Local Sites\acm-local\app\public\wp-content\plugins\meeting-scheduler-by-vcita\vcita-widgets-functions.php on line 45
[09-Jun-2026 13:59:25 UTC] PHP Warning:  Undefined array key "uid" in C:\Users\navne\Local Sites\acm-local\app\public\wp-content\plugins\meeting-scheduler-by-vcita\vcita-widgets-functions.php on line 45
[09-Jun-2026 13:59:27 UTC] PHP Warning:  Undefined array key "uid" in C:\Users\navne\Local Sites\acm-local\app\public\wp-content\plugins\meeting-scheduler-by-vcita\vcita-widgets-functions.php on line 45
[09-Jun-2026 13:59:27 UTC] PHP Warning:  Undefined array key "uid" in C:\Users\navne\Local Sites\acm-local\app\public\wp-content\plugins\meeting-scheduler-by-vcita\vcita-widgets-functions.php on line 45
[09-Jun-2026 14:02:30 UTC] Cron reschedule event error for hook: action_scheduler_run_queue, Error code: could_not_set, Error message: The cron event list could not be saved., Data: {"schedule":"every_minute","args":["WP Cron"],"interval":60}
[09-Jun-2026 14:05:36 UTC] PHP Warning:  Undefined array key "uid" in C:\Users\navne\Local Sites\acm-local\app\public\wp-content\plugins\meeting-scheduler-by-vcita\vcita-widgets-functions.php on line 45
[09-Jun-2026 14:13:12 UTC] PHP Warning:  Undefined array key "uid" in C:\Users\navne\Local Sites\acm-local\app\public\wp-content\plugins\meeting-scheduler-by-vcita\vcita-widgets-functions.php on line 45
[09-Jun-2026 14:13:42 UTC] PHP Warning:  Undefined array key "uid" in C:\Users\navne\Local Sites\acm-local\app\public\wp-content\plugins\meeting-scheduler-by-vcita\vcita-widgets-functions.php on line 45
[09-Jun-2026 14:14:20 UTC] PHP Warning:  Undefined array key "uid" in C:\Users\navne\Local Sites\acm-local\app\public\wp-content\plugins\meeting-scheduler-by-vcita\vcita-widgets-functions.php on line 45
[09-Jun-2026 14:14:51 UTC] PHP Warning:  Undefined array key "uid" in C:\Users\navne\Local Sites\acm-local\app\public\wp-content\plugins\meeting-scheduler-by-vcita\vcita-widgets-functions.php on line 45
[09-Jun-2026 14:22:19 UTC] PHP Warning:  Undefined array key "uid" in C:\Users\navne\Local Sites\acm-local\app\public\wp-content\plugins\meeting-scheduler-by-vcita\vcita-widgets-functions.php on line 45
[09-Jun-2026 14:23:14 UTC] PHP Warning:  Undefined array key "uid" in C:\Users\navne\Local Sites\acm-local\app\public\wp-content\plugins\meeting-scheduler-by-vcita\vcita-widgets-functions.php on line 45
[09-Jun-2026 14:24:39 UTC] PHP Warning:  Undefined array key "uid" in C:\Users\navne\Local Sites\acm-local\app\public\wp-content\plugins\meeting-scheduler-by-vcita\vcita-widgets-functions.php on line 45
[09-Jun-2026 14:25:10 UTC] PHP Warning:  Undefined array key "uid" in C:\Users\navne\Local Sites\acm-local\app\public\wp-content\plugins\meeting-scheduler-by-vcita\vcita-widgets-functions.php on line 45
[09-Jun-2026 14:26:46 UTC] PHP Warning:  Undefined array key "uid" in C:\Users\navne\Local Sites\acm-local\app\public\wp-content\plugins\meeting-scheduler-by-vcita\vcita-widgets-functions.php on line 45
[09-Jun-2026 14:29:17 UTC] PHP Warning:  Undefined array key "uid" in C:\Users\navne\Local Sites\acm-local\app\public\wp-content\plugins\meeting-scheduler-by-vcita\vcita-widgets-functions.php on line 45
[09-Jun-2026 14:29:41 UTC] PHP Warning:  Undefined array key "uid" in C:\Users\navne\Local Sites\acm-local\app\public\wp-content\plugins\meeting-scheduler-by-vcita\vcita-widgets-functions.php on line 45
[09-Jun-2026 14:29:42 UTC] PHP Warning:  Undefined array key "uid" in C:\Users\navne\Local Sites\acm-local\app\public\wp-content\plugins\meeting-scheduler-by-vcita\vcita-widgets-functions.php on line 45
[09-Jun-2026 14:31:17 UTC] PHP Warning:  Undefined array key "uid" in C:\Users\navne\Local Sites\acm-local\app\public\wp-content\plugins\meeting-scheduler-by-vcita\vcita-widgets-functions.php on line 45
[09-Jun-2026 14:33:45 UTC] Cron reschedule event error for hook: wpfts_indexer_event, Error code: could_not_set, Error message: The cron event list could not be saved., Data: {"schedule":"wpfts_each_minute","args":[],"interval":60}
[09-Jun-2026 14:43:31 UTC] PHP Warning:  Undefined array key "uid" in C:\Users\navne\Local Sites\acm-local\app\public\wp-content\plugins\meeting-scheduler-by-vcita\vcita-widgets-functions.php on line 45
[09-Jun-2026 14:43:37 UTC] PHP Warning:  Undefined array key "uid" in C:\Users\navne\Local Sites\acm-local\app\public\wp-content\plugins\meeting-scheduler-by-vcita\vcita-widgets-functions.php on line 45
[09-Jun-2026 14:43:39 UTC] PHP Warning:  Undefined array key "uid" in C:\Users\navne\Local Sites\acm-local\app\public\wp-content\plugins\meeting-scheduler-by-vcita\vcita-widgets-functions.php on line 45
[09-Jun-2026 14:43:40 UTC] PHP Warning:  Undefined array key "uid" in C:\Users\navne\Local Sites\acm-local\app\public\wp-content\plugins\meeting-scheduler-by-vcita\vcita-widgets-functions.php on line 45
[09-Jun-2026 14:43:41 UTC] PHP Warning:  Undefined array key "uid" in C:\Users\navne\Local Sites\acm-local\app\public\wp-content\plugins\meeting-scheduler-by-vcita\vcita-widgets-functions.php on line 45
[09-Jun-2026 14:44:28 UTC] Cron reschedule event error for hook: wpfts_indexer_event, Error code: could_not_set, Error message: The cron event list could not be saved., Data: {"schedule":"wpfts_each_minute","args":[],"interval":60}
[09-Jun-2026 14:46:38 UTC] Cron reschedule event error for hook: action_scheduler_run_queue, Error code: could_not_set, Error message: The cron event list could not be saved., Data: {"schedule":"every_minute","args":["WP Cron"],"interval":60}
[09-Jun-2026 15:02:43 UTC] Cron reschedule event error for hook: action_scheduler_run_queue, Error code: could_not_set, Error message: The cron event list could not be saved., Data: {"schedule":"every_minute","args":["WP Cron"],"interval":60}
[09-Jun-2026 15:10:44 UTC] Cron reschedule event error for hook: action_scheduler_run_queue, Error code: could_not_set, Error message: The cron event list could not be saved., Data: {"schedule":"every_minute","args":["WP Cron"],"interval":60}
[09-Jun-2026 15:15:53 UTC] Cron reschedule event error for hook: action_scheduler_run_queue, Error code: could_not_set, Error message: The cron event list could not be saved., Data: {"schedule":"every_minute","args":["WP Cron"],"interval":60}
[09-Jun-2026 15:16:25 UTC] PHP Warning:  Undefined array key "uid" in C:\Users\navne\Local Sites\acm-local\app\public\wp-content\plugins\meeting-scheduler-by-vcita\vcita-widgets-functions.php on line 45
[09-Jun-2026 15:16:26 UTC] PHP Warning:  Undefined array key "uid" in C:\Users\navne\Local Sites\acm-local\app\public\wp-content\plugins\meeting-scheduler-by-vcita\vcita-widgets-functions.php on line 45
[09-Jun-2026 15:17:02 UTC] PHP Warning:  Undefined array key "uid" in C:\Users\navne\Local Sites\acm-local\app\public\wp-content\plugins\meeting-scheduler-by-vcita\vcita-widgets-functions.php on line 45
[09-Jun-2026 15:17:41 UTC] PHP Warning:  Undefined array key "uid" in C:\Users\navne\Local Sites\acm-local\app\public\wp-content\plugins\meeting-scheduler-by-vcita\vcita-widgets-functions.php on line 45
[09-Jun-2026 15:17:44 UTC] PHP Warning:  Undefined array key "uid" in C:\Users\navne\Local Sites\acm-local\app\public\wp-content\plugins\meeting-scheduler-by-vcita\vcita-widgets-functions.php on line 45
[09-Jun-2026 15:18:09 UTC] PHP Warning:  Undefined array key "uid" in C:\Users\navne\Local Sites\acm-local\app\public\wp-content\plugins\meeting-scheduler-by-vcita\vcita-widgets-functions.php on line 45
[09-Jun-2026 15:18:15 UTC] PHP Warning:  Undefined array key "uid" in C:\Users\navne\Local Sites\acm-local\app\public\wp-content\plugins\meeting-scheduler-by-vcita\vcita-widgets-functions.php on line 45
[09-Jun-2026 15:18:28 UTC] PHP Warning:  Undefined array key "uid" in C:\Users\navne\Local Sites\acm-local\app\public\wp-content\plugins\meeting-scheduler-by-vcita\vcita-widgets-functions.php on line 45
[09-Jun-2026 15:18:30 UTC] PHP Warning:  Undefined array key "uid" in C:\Users\navne\Local Sites\acm-local\app\public\wp-content\plugins\meeting-scheduler-by-vcita\vcita-widgets-functions.php on line 45
[09-Jun-2026 15:19:41 UTC] PHP Warning:  Undefined array key "uid" in C:\Users\navne\Local Sites\acm-local\app\public\wp-content\plugins\meeting-scheduler-by-vcita\vcita-widgets-functions.php on line 45
[09-Jun-2026 15:19:45 UTC] PHP Warning:  Undefined array key "uid" in C:\Users\navne\Local Sites\acm-local\app\public\wp-content\plugins\meeting-scheduler-by-vcita\vcita-widgets-functions.php on line 45
[09-Jun-2026 15:19:46 UTC] PHP Warning:  Undefined array key "uid" in C:\Users\navne\Local Sites\acm-local\app\public\wp-content\plugins\meeting-scheduler-by-vcita\vcita-widgets-functions.php on line 45
[09-Jun-2026 15:19:47 UTC] PHP Warning:  Undefined array key "uid" in C:\Users\navne\Local Sites\acm-local\app\public\wp-content\plugins\meeting-scheduler-by-vcita\vcita-widgets-functions.php on line 45
[09-Jun-2026 15:21:08 UTC] PHP Warning:  Undefined array key "uid" in C:\Users\navne\Local Sites\acm-local\app\public\wp-content\plugins\meeting-scheduler-by-vcita\vcita-widgets-functions.php on line 45
[09-Jun-2026 15:21:43 UTC] PHP Warning:  Undefined array key "uid" in C:\Users\navne\Local Sites\acm-local\app\public\wp-content\plugins\meeting-scheduler-by-vcita\vcita-widgets-functions.php on line 45
[09-Jun-2026 15:21:44 UTC] PHP Warning:  Undefined array key "uid" in C:\Users\navne\Local Sites\acm-local\app\public\wp-content\plugins\meeting-scheduler-by-vcita\vcita-widgets-functions.php on line 45
[09-Jun-2026 15:22:20 UTC] PHP Warning:  Undefined array key "uid" in C:\Users\navne\Local Sites\acm-local\app\public\wp-content\plugins\meeting-scheduler-by-vcita\vcita-widgets-functions.php on line 45
[09-Jun-2026 15:22:22 UTC] PHP Warning:  Undefined array key "uid" in C:\Users\navne\Local Sites\acm-local\app\public\wp-content\plugins\meeting-scheduler-by-vcita\vcita-widgets-functions.php on line 45
[09-Jun-2026 15:23:41 UTC] PHP Warning:  Undefined array key "uid" in C:\Users\navne\Local Sites\acm-local\app\public\wp-content\plugins\meeting-scheduler-by-vcita\vcita-widgets-functions.php on line 45
[09-Jun-2026 15:23:42 UTC] PHP Warning:  Undefined array key "uid" in C:\Users\navne\Local Sites\acm-local\app\public\wp-content\plugins\meeting-scheduler-by-vcita\vcita-widgets-functions.php on line 45
[09-Jun-2026 15:23:42 UTC] PHP Warning:  Undefined array key "uid" in C:\Users\navne\Local Sites\acm-local\app\public\wp-content\plugins\meeting-scheduler-by-vcita\vcita-widgets-functions.php on line 45
[09-Jun-2026 15:25:36 UTC] PHP Warning:  Undefined array key "uid" in C:\Users\navne\Local Sites\acm-local\app\public\wp-content\plugins\meeting-scheduler-by-vcita\vcita-widgets-functions.php on line 45
[09-Jun-2026 15:26:14 UTC] PHP Warning:  Undefined array key "uid" in C:\Users\navne\Local Sites\acm-local\app\public\wp-content\plugins\meeting-scheduler-by-vcita\vcita-widgets-functions.php on line 45
[09-Jun-2026 15:26:58 UTC] PHP Warning:  Undefined array key "uid" in C:\Users\navne\Local Sites\acm-local\app\public\wp-content\plugins\meeting-scheduler-by-vcita\vcita-widgets-functions.php on line 45
[09-Jun-2026 15:27:36 UTC] PHP Warning:  Undefined array key "uid" in C:\Users\navne\Local Sites\acm-local\app\public\wp-content\plugins\meeting-scheduler-by-vcita\vcita-widgets-functions.php on line 45
[09-Jun-2026 15:29:57 UTC] Cron reschedule event error for hook: action_scheduler_run_queue, Error code: could_not_set, Error message: The cron event list could not be saved., Data: {"schedule":"every_minute","args":["WP Cron"],"interval":60}
[09-Jun-2026 15:37:45 UTC] Cron reschedule event error for hook: wpfts_indexer_event, Error code: could_not_set, Error message: The cron event list could not be saved., Data: {"schedule":"wpfts_each_minute","args":[],"interval":60}
[09-Jun-2026 15:37:45 UTC] Cron unschedule event error for hook: wpfts_indexer_event, Error code: could_not_set, Error message: The cron event list could not be saved., Data: {"schedule":"wpfts_each_minute","args":[],"interval":60}
[09-Jun-2026 16:26:38 UTC] PHP Warning:  Undefined array key "uid" in C:\Users\navne\Local Sites\acm-local\app\public\wp-content\plugins\meeting-scheduler-by-vcita\vcita-widgets-functions.php on line 45
[09-Jun-2026 17:22:45 UTC] Cron reschedule event error for hook: wpfts_indexer_event, Error code: could_not_set, Error message: The cron event list could not be saved., Data: {"schedule":"wpfts_each_minute","args":[],"interval":60}
[09-Jun-2026 17:22:45 UTC] Cron unschedule event error for hook: wpfts_indexer_event, Error code: could_not_set, Error message: The cron event list could not be saved., Data: {"schedule":"wpfts_each_minute","args":[],"interval":60}
[09-Jun-2026 18:04:33 UTC] Cron reschedule event error for hook: wpfts_indexer_event, Error code: could_not_set, Error message: The cron event list could not be saved., Data: {"schedule":"wpfts_each_minute","args":[],"interval":60}
[09-Jun-2026 18:05:22 UTC] PHP Warning:  Undefined array key "uid" in C:\Users\navne\Local Sites\acm-local\app\public\wp-content\plugins\meeting-scheduler-by-vcita\vcita-widgets-functions.php on line 45
[09-Jun-2026 18:05:26 UTC] PHP Warning:  Undefined array key "uid" in C:\Users\navne\Local Sites\acm-local\app\public\wp-content\plugins\meeting-scheduler-by-vcita\vcita-widgets-functions.php on line 45
[09-Jun-2026 18:05:31 UTC] PHP Warning:  Undefined array key "uid" in C:\Users\navne\Local Sites\acm-local\app\public\wp-content\plugins\meeting-scheduler-by-vcita\vcita-widgets-functions.php on line 45
[09-Jun-2026 18:05:35 UTC] PHP Warning:  Undefined array key "uid" in C:\Users\navne\Local Sites\acm-local\app\public\wp-content\plugins\meeting-scheduler-by-vcita\vcita-widgets-functions.php on line 45
[09-Jun-2026 18:05:40 UTC] PHP Warning:  Undefined array key "uid" in C:\Users\navne\Local Sites\acm-local\app\public\wp-content\plugins\meeting-scheduler-by-vcita\vcita-widgets-functions.php on line 45
[09-Jun-2026 18:05:43 UTC] PHP Warning:  Undefined array key "uid" in C:\Users\navne\Local Sites\acm-local\app\public\wp-content\plugins\meeting-scheduler-by-vcita\vcita-widgets-functions.php on line 45
[09-Jun-2026 18:05:49 UTC] PHP Warning:  Undefined array key "uid" in C:\Users\navne\Local Sites\acm-local\app\public\wp-content\plugins\meeting-scheduler-by-vcita\vcita-widgets-functions.php on line 45
[09-Jun-2026 18:08:58 UTC] PHP Warning:  Undefined array key "uid" in C:\Users\navne\Local Sites\acm-local\app\public\wp-content\plugins\meeting-scheduler-by-vcita\vcita-widgets-functions.php on line 45
[09-Jun-2026 18:09:02 UTC] PHP Warning:  Undefined array key "uid" in C:\Users\navne\Local Sites\acm-local\app\public\wp-content\plugins\meeting-scheduler-by-vcita\vcita-widgets-functions.php on line 45
[09-Jun-2026 18:09:05 UTC] PHP Warning:  Undefined array key "uid" in C:\Users\navne\Local Sites\acm-local\app\public\wp-content\plugins\meeting-scheduler-by-vcita\vcita-widgets-functions.php on line 45
[09-Jun-2026 18:09:06 UTC] PHP Warning:  Undefined array key "uid" in C:\Users\navne\Local Sites\acm-local\app\public\wp-content\plugins\meeting-scheduler-by-vcita\vcita-widgets-functions.php on line 45
[09-Jun-2026 18:09:07 UTC] PHP Warning:  Undefined array key "uid" in C:\Users\navne\Local Sites\acm-local\app\public\wp-content\plugins\meeting-scheduler-by-vcita\vcita-widgets-functions.php on line 45
[09-Jun-2026 18:09:11 UTC] PHP Warning:  Undefined array key "uid" in C:\Users\navne\Local Sites\acm-local\app\public\wp-content\plugins\meeting-scheduler-by-vcita\vcita-widgets-functions.php on line 45
[09-Jun-2026 18:10:29 UTC] PHP Warning:  Undefined array key "uid" in C:\Users\navne\Local Sites\acm-local\app\public\wp-content\plugins\meeting-scheduler-by-vcita\vcita-widgets-functions.php on line 45
[09-Jun-2026 18:10:41 UTC] PHP Warning:  Undefined array key "uid" in C:\Users\navne\Local Sites\acm-local\app\public\wp-content\plugins\meeting-scheduler-by-vcita\vcita-widgets-functions.php on line 45
[09-Jun-2026 18:15:45 UTC] Cron reschedule event error for hook: wpfts_indexer_event, Error code: could_not_set, Error message: The cron event list could not be saved., Data: {"schedule":"wpfts_each_minute","args":[],"interval":60}
[09-Jun-2026 18:15:45 UTC] Cron unschedule event error for hook: wpfts_indexer_event, Error code: could_not_set, Error message: The cron event list could not be saved., Data: {"schedule":"wpfts_each_minute","args":[],"interval":60}
[09-Jun-2026 18:54:45 UTC] Cron reschedule event error for hook: action_scheduler_run_queue, Error code: could_not_set, Error message: The cron event list could not be saved., Data: {"schedule":"every_minute","args":["WP Cron"],"interval":60}
[09-Jun-2026 19:02:45 UTC] Cron reschedule event error for hook: wpfts_indexer_event, Error code: could_not_set, Error message: The cron event list could not be saved., Data: {"schedule":"wpfts_each_minute","args":[],"interval":60}
[09-Jun-2026 19:02:45 UTC] Cron unschedule event error for hook: wpfts_indexer_event, Error code: could_not_set, Error message: The cron event list could not be saved., Data: {"schedule":"wpfts_each_minute","args":[],"interval":60}
[09-Jun-2026 19:16:21 UTC] PHP Warning:  Undefined array key "uid" in C:\Users\navne\Local Sites\acm-local\app\public\wp-content\plugins\meeting-scheduler-by-vcita\vcita-widgets-functions.php on line 45
[09-Jun-2026 19:16:26 UTC] PHP Warning:  Undefined array key "uid" in C:\Users\navne\Local Sites\acm-local\app\public\wp-content\plugins\meeting-scheduler-by-vcita\vcita-widgets-functions.php on line 45
[09-Jun-2026 19:16:44 UTC] PHP Warning:  Undefined array key "uid" in C:\Users\navne\Local Sites\acm-local\app\public\wp-content\plugins\meeting-scheduler-by-vcita\vcita-widgets-functions.php on line 45
[09-Jun-2026 19:17:24 UTC] PHP Warning:  Undefined array key "uid" in C:\Users\navne\Local Sites\acm-local\app\public\wp-content\plugins\meeting-scheduler-by-vcita\vcita-widgets-functions.php on line 45
[09-Jun-2026 19:19:17 UTC] PHP Warning:  Undefined array key "uid" in C:\Users\navne\Local Sites\acm-local\app\public\wp-content\plugins\meeting-scheduler-by-vcita\vcita-widgets-functions.php on line 45
[09-Jun-2026 19:19:27 UTC] PHP Warning:  Undefined array key "uid" in C:\Users\navne\Local Sites\acm-local\app\public\wp-content\plugins\meeting-scheduler-by-vcita\vcita-widgets-functions.php on line 45
[09-Jun-2026 19:19:28 UTC] PHP Warning:  Undefined array key "uid" in C:\Users\navne\Local Sites\acm-local\app\public\wp-content\plugins\meeting-scheduler-by-vcita\vcita-widgets-functions.php on line 45
[09-Jun-2026 19:19:29 UTC] PHP Warning:  Undefined array key "uid" in C:\Users\navne\Local Sites\acm-local\app\public\wp-content\plugins\meeting-scheduler-by-vcita\vcita-widgets-functions.php on line 45
[09-Jun-2026 19:19:30 UTC] PHP Warning:  Undefined array key "uid" in C:\Users\navne\Local Sites\acm-local\app\public\wp-content\plugins\meeting-scheduler-by-vcita\vcita-widgets-functions.php on line 45
[09-Jun-2026 19:19:31 UTC] PHP Warning:  Undefined array key "uid" in C:\Users\navne\Local Sites\acm-local\app\public\wp-content\plugins\meeting-scheduler-by-vcita\vcita-widgets-functions.php on line 45
[09-Jun-2026 19:19:32 UTC] PHP Warning:  Undefined array key "uid" in C:\Users\navne\Local Sites\acm-local\app\public\wp-content\plugins\meeting-scheduler-by-vcita\vcita-widgets-functions.php on line 45
[09-Jun-2026 19:19:33 UTC] PHP Warning:  Undefined array key "uid" in C:\Users\navne\Local Sites\acm-local\app\public\wp-content\plugins\meeting-scheduler-by-vcita\vcita-widgets-functions.php on line 45
[09-Jun-2026 19:20:54 UTC] PHP Warning:  Undefined array key "uid" in C:\Users\navne\Local Sites\acm-local\app\public\wp-content\plugins\meeting-scheduler-by-vcita\vcita-widgets-functions.php on line 45
[09-Jun-2026 19:20:55 UTC] PHP Warning:  Undefined array key "uid" in C:\Users\navne\Local Sites\acm-local\app\public\wp-content\plugins\meeting-scheduler-by-vcita\vcita-widgets-functions.php on line 45
[09-Jun-2026 19:21:17 UTC] PHP Warning:  Undefined array key "uid" in C:\Users\navne\Local Sites\acm-local\app\public\wp-content\plugins\meeting-scheduler-by-vcita\vcita-widgets-functions.php on line 45
[09-Jun-2026 19:21:19 UTC] PHP Warning:  Undefined array key "uid" in C:\Users\navne\Local Sites\acm-local\app\public\wp-content\plugins\meeting-scheduler-by-vcita\vcita-widgets-functions.php on line 45
[09-Jun-2026 19:21:49 UTC] PHP Warning:  Undefined array key "uid" in C:\Users\navne\Local Sites\acm-local\app\public\wp-content\plugins\meeting-scheduler-by-vcita\vcita-widgets-functions.php on line 45
[09-Jun-2026 19:22:48 UTC] PHP Warning:  Undefined array key "uid" in C:\Users\navne\Local Sites\acm-local\app\public\wp-content\plugins\meeting-scheduler-by-vcita\vcita-widgets-functions.php on line 45
[09-Jun-2026 19:23:20 UTC] PHP Warning:  Undefined array key "uid" in C:\Users\navne\Local Sites\acm-local\app\public\wp-content\plugins\meeting-scheduler-by-vcita\vcita-widgets-functions.php on line 45
[09-Jun-2026 19:24:23 UTC] PHP Warning:  Undefined array key "uid" in C:\Users\navne\Local Sites\acm-local\app\public\wp-content\plugins\meeting-scheduler-by-vcita\vcita-widgets-functions.php on line 45
[09-Jun-2026 19:25:36 UTC] PHP Warning:  Undefined array key "uid" in C:\Users\navne\Local Sites\acm-local\app\public\wp-content\plugins\meeting-scheduler-by-vcita\vcita-widgets-functions.php on line 45
[09-Jun-2026 19:25:38 UTC] PHP Warning:  Undefined array key "uid" in C:\Users\navne\Local Sites\acm-local\app\public\wp-content\plugins\meeting-scheduler-by-vcita\vcita-widgets-functions.php on line 45
[09-Jun-2026 19:27:22 UTC] PHP Warning:  Undefined array key "uid" in C:\Users\navne\Local Sites\acm-local\app\public\wp-content\plugins\meeting-scheduler-by-vcita\vcita-widgets-functions.php on line 45
[09-Jun-2026 19:27:23 UTC] PHP Warning:  Undefined array key "uid" in C:\Users\navne\Local Sites\acm-local\app\public\wp-content\plugins\meeting-scheduler-by-vcita\vcita-widgets-functions.php on line 45
[09-Jun-2026 19:27:25 UTC] PHP Warning:  Undefined array key "uid" in C:\Users\navne\Local Sites\acm-local\app\public\wp-content\plugins\meeting-scheduler-by-vcita\vcita-widgets-functions.php on line 45
[09-Jun-2026 19:27:25 UTC] PHP Warning:  Undefined array key "uid" in C:\Users\navne\Local Sites\acm-local\app\public\wp-content\plugins\meeting-scheduler-by-vcita\vcita-widgets-functions.php on line 45
[09-Jun-2026 19:28:00 UTC] PHP Warning:  Undefined array key "uid" in C:\Users\navne\Local Sites\acm-local\app\public\wp-content\plugins\meeting-scheduler-by-vcita\vcita-widgets-functions.php on line 45
[09-Jun-2026 19:28:02 UTC] PHP Warning:  Undefined array key "uid" in C:\Users\navne\Local Sites\acm-local\app\public\wp-content\plugins\meeting-scheduler-by-vcita\vcita-widgets-functions.php on line 45
[09-Jun-2026 19:31:45 UTC] Cron reschedule event error for hook: action_scheduler_run_queue, Error code: could_not_set, Error message: The cron event list could not be saved., Data: {"schedule":"every_minute","args":["WP Cron"],"interval":60}
[09-Jun-2026 19:31:45 UTC] Cron reschedule event error for hook: wpfts_indexer_event, Error code: could_not_set, Error message: The cron event list could not be saved., Data: {"schedule":"wpfts_each_minute","args":[],"interval":60}
[09-Jun-2026 19:31:45 UTC] Cron unschedule event error for hook: wpfts_indexer_event, Error code: could_not_set, Error message: The cron event list could not be saved., Data: {"schedule":"wpfts_each_minute","args":[],"interval":60}
[09-Jun-2026 19:37:48 UTC] Cron reschedule event error for hook: action_scheduler_run_queue, Error code: could_not_set, Error message: The cron event list could not be saved., Data: {"schedule":"every_minute","args":["WP Cron"],"interval":60}
[09-Jun-2026 19:40:53 UTC] PHP Warning:  Undefined array key "uid" in C:\Users\navne\Local Sites\acm-local\app\public\wp-content\plugins\meeting-scheduler-by-vcita\vcita-widgets-functions.php on line 45
[09-Jun-2026 19:40:54 UTC] PHP Warning:  Undefined array key "uid" in C:\Users\navne\Local Sites\acm-local\app\public\wp-content\plugins\meeting-scheduler-by-vcita\vcita-widgets-functions.php on line 45
[09-Jun-2026 19:42:05 UTC] PHP Warning:  Undefined array key "uid" in C:\Users\navne\Local Sites\acm-local\app\public\wp-content\plugins\meeting-scheduler-by-vcita\vcita-widgets-functions.php on line 45
[09-Jun-2026 19:42:07 UTC] PHP Warning:  Undefined array key "uid" in C:\Users\navne\Local Sites\acm-local\app\public\wp-content\plugins\meeting-scheduler-by-vcita\vcita-widgets-functions.php on line 45
[09-Jun-2026 19:44:11 UTC] PHP Warning:  Undefined array key "uid" in C:\Users\navne\Local Sites\acm-local\app\public\wp-content\plugins\meeting-scheduler-by-vcita\vcita-widgets-functions.php on line 45
[09-Jun-2026 19:44:12 UTC] PHP Warning:  Undefined array key "uid" in C:\Users\navne\Local Sites\acm-local\app\public\wp-content\plugins\meeting-scheduler-by-vcita\vcita-widgets-functions.php on line 45
[09-Jun-2026 19:45:40 UTC] PHP Warning:  Undefined array key "uid" in C:\Users\navne\Local Sites\acm-local\app\public\wp-content\plugins\meeting-scheduler-by-vcita\vcita-widgets-functions.php on line 45
[09-Jun-2026 19:47:16 UTC] PHP Warning:  Undefined array key "uid" in C:\Users\navne\Local Sites\acm-local\app\public\wp-content\plugins\meeting-scheduler-by-vcita\vcita-widgets-functions.php on line 45
[09-Jun-2026 19:47:48 UTC] PHP Warning:  Undefined array key "uid" in C:\Users\navne\Local Sites\acm-local\app\public\wp-content\plugins\meeting-scheduler-by-vcita\vcita-widgets-functions.php on line 45
[09-Jun-2026 19:47:48 UTC] PHP Warning:  Undefined array key "uid" in C:\Users\navne\Local Sites\acm-local\app\public\wp-content\plugins\meeting-scheduler-by-vcita\vcita-widgets-functions.php on line 45
[09-Jun-2026 19:47:49 UTC] PHP Warning:  Undefined array key "uid" in C:\Users\navne\Local Sites\acm-local\app\public\wp-content\plugins\meeting-scheduler-by-vcita\vcita-widgets-functions.php on line 45
[09-Jun-2026 19:47:50 UTC] PHP Warning:  Undefined array key "uid" in C:\Users\navne\Local Sites\acm-local\app\public\wp-content\plugins\meeting-scheduler-by-vcita\vcita-widgets-functions.php on line 45
[09-Jun-2026 19:47:51 UTC] PHP Warning:  Undefined array key "uid" in C:\Users\navne\Local Sites\acm-local\app\public\wp-content\plugins\meeting-scheduler-by-vcita\vcita-widgets-functions.php on line 45
[09-Jun-2026 19:47:51 UTC] PHP Warning:  Undefined array key "uid" in C:\Users\navne\Local Sites\acm-local\app\public\wp-content\plugins\meeting-scheduler-by-vcita\vcita-widgets-functions.php on line 45
[09-Jun-2026 19:49:39 UTC] Cron reschedule event error for hook: wpfts_indexer_event, Error code: could_not_set, Error message: The cron event list could not be saved., Data: {"schedule":"wpfts_each_minute","args":[],"interval":60}
[09-Jun-2026 19:53:45 UTC] Cron reschedule event error for hook: wpfts_indexer_event, Error code: could_not_set, Error message: The cron event list could not be saved., Data: {"schedule":"wpfts_each_minute","args":[],"interval":60}
[09-Jun-2026 19:53:51 UTC] PHP Warning:  Undefined array key "uid" in C:\Users\navne\Local Sites\acm-local\app\public\wp-content\plugins\meeting-scheduler-by-vcita\vcita-widgets-functions.php on line 45
[09-Jun-2026 19:53:51 UTC] PHP Warning:  Undefined array key "uid" in C:\Users\navne\Local Sites\acm-local\app\public\wp-content\plugins\meeting-scheduler-by-vcita\vcita-widgets-functions.php on line 45
[09-Jun-2026 19:54:52 UTC] PHP Warning:  Undefined array key "uid" in C:\Users\navne\Local Sites\acm-local\app\public\wp-content\plugins\meeting-scheduler-by-vcita\vcita-widgets-functions.php on line 45
[09-Jun-2026 19:54:54 UTC] PHP Warning:  Undefined array key "uid" in C:\Users\navne\Local Sites\acm-local\app\public\wp-content\plugins\meeting-scheduler-by-vcita\vcita-widgets-functions.php on line 45
[09-Jun-2026 19:56:04 UTC] PHP Warning:  Undefined array key "uid" in C:\Users\navne\Local Sites\acm-local\app\public\wp-content\plugins\meeting-scheduler-by-vcita\vcita-widgets-functions.php on line 45
[09-Jun-2026 19:56:06 UTC] PHP Warning:  Undefined array key "uid" in C:\Users\navne\Local Sites\acm-local\app\public\wp-content\plugins\meeting-scheduler-by-vcita\vcita-widgets-functions.php on line 45
[09-Jun-2026 19:58:09 UTC] PHP Warning:  Undefined array key "uid" in C:\Users\navne\Local Sites\acm-local\app\public\wp-content\plugins\meeting-scheduler-by-vcita\vcita-widgets-functions.php on line 45
[09-Jun-2026 19:58:11 UTC] PHP Warning:  Undefined array key "uid" in C:\Users\navne\Local Sites\acm-local\app\public\wp-content\plugins\meeting-scheduler-by-vcita\vcita-widgets-functions.php on line 45
[09-Jun-2026 19:59:31 UTC] PHP Warning:  Undefined array key "uid" in C:\Users\navne\Local Sites\acm-local\app\public\wp-content\plugins\meeting-scheduler-by-vcita\vcita-widgets-functions.php on line 45
[09-Jun-2026 20:00:42 UTC] PHP Warning:  Undefined array key "uid" in C:\Users\navne\Local Sites\acm-local\app\public\wp-content\plugins\meeting-scheduler-by-vcita\vcita-widgets-functions.php on line 45
[09-Jun-2026 20:00:43 UTC] PHP Warning:  Undefined array key "uid" in C:\Users\navne\Local Sites\acm-local\app\public\wp-content\plugins\meeting-scheduler-by-vcita\vcita-widgets-functions.php on line 45
[09-Jun-2026 20:00:43 UTC] PHP Warning:  Undefined array key "uid" in C:\Users\navne\Local Sites\acm-local\app\public\wp-content\plugins\meeting-scheduler-by-vcita\vcita-widgets-functions.php on line 45
[09-Jun-2026 20:00:44 UTC] PHP Warning:  Undefined array key "uid" in C:\Users\navne\Local Sites\acm-local\app\public\wp-content\plugins\meeting-scheduler-by-vcita\vcita-widgets-functions.php on line 45
[09-Jun-2026 20:00:45 UTC] PHP Warning:  Undefined array key "uid" in C:\Users\navne\Local Sites\acm-local\app\public\wp-content\plugins\meeting-scheduler-by-vcita\vcita-widgets-functions.php on line 45
[09-Jun-2026 20:01:21 UTC] PHP Warning:  Undefined array key "uid" in C:\Users\navne\Local Sites\acm-local\app\public\wp-content\plugins\meeting-scheduler-by-vcita\vcita-widgets-functions.php on line 45
[09-Jun-2026 20:01:22 UTC] PHP Warning:  Undefined array key "uid" in C:\Users\navne\Local Sites\acm-local\app\public\wp-content\plugins\meeting-scheduler-by-vcita\vcita-widgets-functions.php on line 45
[09-Jun-2026 20:02:16 UTC] PHP Warning:  Undefined array key "uid" in C:\Users\navne\Local Sites\acm-local\app\public\wp-content\plugins\meeting-scheduler-by-vcita\vcita-widgets-functions.php on line 45
[09-Jun-2026 20:02:47 UTC] PHP Warning:  Undefined array key "uid" in C:\Users\navne\Local Sites\acm-local\app\public\wp-content\plugins\meeting-scheduler-by-vcita\vcita-widgets-functions.php on line 45
[09-Jun-2026 20:03:26 UTC] PHP Warning:  Undefined array key "uid" in C:\Users\navne\Local Sites\acm-local\app\public\wp-content\plugins\meeting-scheduler-by-vcita\vcita-widgets-functions.php on line 45
[09-Jun-2026 20:03:57 UTC] PHP Warning:  Undefined array key "uid" in C:\Users\navne\Local Sites\acm-local\app\public\wp-content\plugins\meeting-scheduler-by-vcita\vcita-widgets-functions.php on line 45
[09-Jun-2026 20:05:31 UTC] PHP Warning:  Undefined array key "uid" in C:\Users\navne\Local Sites\acm-local\app\public\wp-content\plugins\meeting-scheduler-by-vcita\vcita-widgets-functions.php on line 45
[09-Jun-2026 20:06:49 UTC] PHP Warning:  Undefined array key "uid" in C:\Users\navne\Local Sites\acm-local\app\public\wp-content\plugins\meeting-scheduler-by-vcita\vcita-widgets-functions.php on line 45
[09-Jun-2026 20:06:51 UTC] PHP Warning:  Undefined array key "uid" in C:\Users\navne\Local Sites\acm-local\app\public\wp-content\plugins\meeting-scheduler-by-vcita\vcita-widgets-functions.php on line 45
[09-Jun-2026 20:11:17 UTC] PHP Warning:  Undefined array key "uid" in C:\Users\navne\Local Sites\acm-local\app\public\wp-content\plugins\meeting-scheduler-by-vcita\vcita-widgets-functions.php on line 45
[09-Jun-2026 20:11:18 UTC] PHP Warning:  Undefined array key "uid" in C:\Users\navne\Local Sites\acm-local\app\public\wp-content\plugins\meeting-scheduler-by-vcita\vcita-widgets-functions.php on line 45
[09-Jun-2026 20:11:18 UTC] PHP Warning:  Undefined array key "uid" in C:\Users\navne\Local Sites\acm-local\app\public\wp-content\plugins\meeting-scheduler-by-vcita\vcita-widgets-functions.php on line 45
[09-Jun-2026 20:11:19 UTC] PHP Warning:  Undefined array key "uid" in C:\Users\navne\Local Sites\acm-local\app\public\wp-content\plugins\meeting-scheduler-by-vcita\vcita-widgets-functions.php on line 45
[09-Jun-2026 20:11:50 UTC] PHP Warning:  Undefined array key "uid" in C:\Users\navne\Local Sites\acm-local\app\public\wp-content\plugins\meeting-scheduler-by-vcita\vcita-widgets-functions.php on line 45
[09-Jun-2026 20:13:10 UTC] PHP Warning:  Undefined array key "uid" in C:\Users\navne\Local Sites\acm-local\app\public\wp-content\plugins\meeting-scheduler-by-vcita\vcita-widgets-functions.php on line 45
[09-Jun-2026 20:13:40 UTC] PHP Warning:  Undefined array key "uid" in C:\Users\navne\Local Sites\acm-local\app\public\wp-content\plugins\meeting-scheduler-by-vcita\vcita-widgets-functions.php on line 45
[09-Jun-2026 20:15:03 UTC] PHP Warning:  Undefined array key "uid" in C:\Users\navne\Local Sites\acm-local\app\public\wp-content\plugins\meeting-scheduler-by-vcita\vcita-widgets-functions.php on line 45
[09-Jun-2026 20:15:05 UTC] PHP Warning:  Undefined array key "uid" in C:\Users\navne\Local Sites\acm-local\app\public\wp-content\plugins\meeting-scheduler-by-vcita\vcita-widgets-functions.php on line 45
[09-Jun-2026 20:15:06 UTC] PHP Warning:  Undefined array key "uid" in C:\Users\navne\Local Sites\acm-local\app\public\wp-content\plugins\meeting-scheduler-by-vcita\vcita-widgets-functions.php on line 45
[09-Jun-2026 20:16:30 UTC] PHP Warning:  Undefined array key "uid" in C:\Users\navne\Local Sites\acm-local\app\public\wp-content\plugins\meeting-scheduler-by-vcita\vcita-widgets-functions.php on line 45
[09-Jun-2026 20:16:31 UTC] PHP Warning:  Undefined array key "uid" in C:\Users\navne\Local Sites\acm-local\app\public\wp-content\plugins\meeting-scheduler-by-vcita\vcita-widgets-functions.php on line 45
[09-Jun-2026 20:17:19 UTC] PHP Warning:  Undefined array key "uid" in C:\Users\navne\Local Sites\acm-local\app\public\wp-content\plugins\meeting-scheduler-by-vcita\vcita-widgets-functions.php on line 45
[09-Jun-2026 20:18:59 UTC] PHP Warning:  Undefined array key "uid" in C:\Users\navne\Local Sites\acm-local\app\public\wp-content\plugins\meeting-scheduler-by-vcita\vcita-widgets-functions.php on line 45
[09-Jun-2026 20:23:49 UTC] PHP Warning:  Undefined array key "uid" in C:\Users\navne\Local Sites\acm-local\app\public\wp-content\plugins\meeting-scheduler-by-vcita\vcita-widgets-functions.php on line 45
[09-Jun-2026 20:23:50 UTC] PHP Warning:  Undefined array key "uid" in C:\Users\navne\Local Sites\acm-local\app\public\wp-content\plugins\meeting-scheduler-by-vcita\vcita-widgets-functions.php on line 45
[09-Jun-2026 20:24:21 UTC] PHP Warning:  Undefined array key "uid" in C:\Users\navne\Local Sites\acm-local\app\public\wp-content\plugins\meeting-scheduler-by-vcita\vcita-widgets-functions.php on line 45
[09-Jun-2026 20:24:22 UTC] PHP Warning:  Undefined array key "uid" in C:\Users\navne\Local Sites\acm-local\app\public\wp-content\plugins\meeting-scheduler-by-vcita\vcita-widgets-functions.php on line 45
[09-Jun-2026 20:25:30 UTC] PHP Warning:  Undefined array key "uid" in C:\Users\navne\Local Sites\acm-local\app\public\wp-content\plugins\meeting-scheduler-by-vcita\vcita-widgets-functions.php on line 45
[09-Jun-2026 20:25:32 UTC] PHP Warning:  Undefined array key "uid" in C:\Users\navne\Local Sites\acm-local\app\public\wp-content\plugins\meeting-scheduler-by-vcita\vcita-widgets-functions.php on line 45
[09-Jun-2026 20:27:35 UTC] PHP Warning:  Undefined array key "uid" in C:\Users\navne\Local Sites\acm-local\app\public\wp-content\plugins\meeting-scheduler-by-vcita\vcita-widgets-functions.php on line 45
[09-Jun-2026 20:27:37 UTC] PHP Warning:  Undefined array key "uid" in C:\Users\navne\Local Sites\acm-local\app\public\wp-content\plugins\meeting-scheduler-by-vcita\vcita-widgets-functions.php on line 45
[09-Jun-2026 20:28:53 UTC] PHP Warning:  Undefined array key "uid" in C:\Users\navne\Local Sites\acm-local\app\public\wp-content\plugins\meeting-scheduler-by-vcita\vcita-widgets-functions.php on line 45
[09-Jun-2026 20:30:00 UTC] PHP Warning:  Undefined array key "uid" in C:\Users\navne\Local Sites\acm-local\app\public\wp-content\plugins\meeting-scheduler-by-vcita\vcita-widgets-functions.php on line 45
[09-Jun-2026 20:30:01 UTC] PHP Warning:  Undefined array key "uid" in C:\Users\navne\Local Sites\acm-local\app\public\wp-content\plugins\meeting-scheduler-by-vcita\vcita-widgets-functions.php on line 45
[09-Jun-2026 20:30:02 UTC] PHP Warning:  Undefined array key "uid" in C:\Users\navne\Local Sites\acm-local\app\public\wp-content\plugins\meeting-scheduler-by-vcita\vcita-widgets-functions.php on line 45
[09-Jun-2026 20:30:03 UTC] PHP Warning:  Undefined array key "uid" in C:\Users\navne\Local Sites\acm-local\app\public\wp-content\plugins\meeting-scheduler-by-vcita\vcita-widgets-functions.php on line 45
[09-Jun-2026 20:30:04 UTC] PHP Warning:  Undefined array key "uid" in C:\Users\navne\Local Sites\acm-local\app\public\wp-content\plugins\meeting-scheduler-by-vcita\vcita-widgets-functions.php on line 45
[09-Jun-2026 20:30:36 UTC] PHP Warning:  Undefined array key "uid" in C:\Users\navne\Local Sites\acm-local\app\public\wp-content\plugins\meeting-scheduler-by-vcita\vcita-widgets-functions.php on line 45
[09-Jun-2026 20:30:36 UTC] PHP Warning:  Undefined array key "uid" in C:\Users\navne\Local Sites\acm-local\app\public\wp-content\plugins\meeting-scheduler-by-vcita\vcita-widgets-functions.php on line 45
[09-Jun-2026 20:31:57 UTC] Cron reschedule event error for hook: action_scheduler_run_queue, Error code: could_not_set, Error message: The cron event list could not be saved., Data: {"schedule":"every_minute","args":["WP Cron"],"interval":60}
[09-Jun-2026 20:32:47 UTC] Cron reschedule event error for hook: wpfts_indexer_event, Error code: could_not_set, Error message: The cron event list could not be saved., Data: {"schedule":"wpfts_each_minute","args":[],"interval":60}
[09-Jun-2026 20:33:52 UTC] Cron reschedule event error for hook: wpfts_indexer_event, Error code: could_not_set, Error message: The cron event list could not be saved., Data: {"schedule":"wpfts_each_minute","args":[],"interval":60}
[19-Jun-2026 16:02:37 UTC] PHP Warning:  Undefined array key "uid" in C:\Users\navne\Local Sites\acm-local\app\public\wp-content\plugins\meeting-scheduler-by-vcita\vcita-widgets-functions.php on line 45
[19-Jun-2026 16:03:04 UTC] PHP Warning:  Undefined array key "uid" in C:\Users\navne\Local Sites\acm-local\app\public\wp-content\plugins\meeting-scheduler-by-vcita\vcita-widgets-functions.php on line 45
[19-Jun-2026 16:03:24 UTC] PHP Warning:  Undefined array key "uid" in C:\Users\navne\Local Sites\acm-local\app\public\wp-content\plugins\meeting-scheduler-by-vcita\vcita-widgets-functions.php on line 45
[19-Jun-2026 16:03:33 UTC] PHP Warning:  Undefined array key "uid" in C:\Users\navne\Local Sites\acm-local\app\public\wp-content\plugins\meeting-scheduler-by-vcita\vcita-widgets-functions.php on line 45
[19-Jun-2026 16:03:34 UTC] PHP Warning:  Undefined array key "uid" in C:\Users\navne\Local Sites\acm-local\app\public\wp-content\plugins\meeting-scheduler-by-vcita\vcita-widgets-functions.php on line 45
[19-Jun-2026 16:03:42 UTC] PHP Warning:  Undefined array key "uid" in C:\Users\navne\Local Sites\acm-local\app\public\wp-content\plugins\meeting-scheduler-by-vcita\vcita-widgets-functions.php on line 45
[19-Jun-2026 16:03:47 UTC] PHP Warning:  Undefined array key "uid" in C:\Users\navne\Local Sites\acm-local\app\public\wp-content\plugins\meeting-scheduler-by-vcita\vcita-widgets-functions.php on line 45
[19-Jun-2026 16:03:48 UTC] PHP Warning:  Undefined array key "uid" in C:\Users\navne\Local Sites\acm-local\app\public\wp-content\plugins\meeting-scheduler-by-vcita\vcita-widgets-functions.php on line 45
[19-Jun-2026 16:30:08 UTC] PHP Warning:  Undefined array key "uid" in C:\Users\navne\Local Sites\acm-local\app\public\wp-content\plugins\meeting-scheduler-by-vcita\vcita-widgets-functions.php on line 45
[19-Jun-2026 16:30:11 UTC] PHP Warning:  Undefined array key "uid" in C:\Users\navne\Local Sites\acm-local\app\public\wp-content\plugins\meeting-scheduler-by-vcita\vcita-widgets-functions.php on line 45
[19-Jun-2026 16:30:18 UTC] PHP Warning:  Undefined array key "uid" in C:\Users\navne\Local Sites\acm-local\app\public\wp-content\plugins\meeting-scheduler-by-vcita\vcita-widgets-functions.php on line 45
[19-Jun-2026 16:33:55 UTC] PHP Warning:  Undefined array key "uid" in C:\Users\navne\Local Sites\acm-local\app\public\wp-content\plugins\meeting-scheduler-by-vcita\vcita-widgets-functions.php on line 45
[19-Jun-2026 16:34:00 UTC] PHP Warning:  Undefined array key "uid" in C:\Users\navne\Local Sites\acm-local\app\public\wp-content\plugins\meeting-scheduler-by-vcita\vcita-widgets-functions.php on line 45
[19-Jun-2026 16:38:09 UTC] PHP Warning:  Undefined array key "uid" in C:\Users\navne\Local Sites\acm-local\app\public\wp-content\plugins\meeting-scheduler-by-vcita\vcita-widgets-functions.php on line 45
[19-Jun-2026 16:38:14 UTC] PHP Warning:  Undefined array key "uid" in C:\Users\navne\Local Sites\acm-local\app\public\wp-content\plugins\meeting-scheduler-by-vcita\vcita-widgets-functions.php on line 45
[19-Jun-2026 16:39:03 UTC] Cron reschedule event error for hook: action_scheduler_run_queue, Error code: could_not_set, Error message: The cron event list could not be saved., Data: {"schedule":"every_minute","args":["WP Cron"],"interval":60}
[19-Jun-2026 16:40:07 UTC] PHP Warning:  Undefined array key "uid" in C:\Users\navne\Local Sites\acm-local\app\public\wp-content\plugins\meeting-scheduler-by-vcita\vcita-widgets-functions.php on line 45
[19-Jun-2026 16:41:49 UTC] PHP Warning:  Undefined array key "uid" in C:\Users\navne\Local Sites\acm-local\app\public\wp-content\plugins\meeting-scheduler-by-vcita\vcita-widgets-functions.php on line 45
[19-Jun-2026 16:41:51 UTC] PHP Warning:  Undefined array key "uid" in C:\Users\navne\Local Sites\acm-local\app\public\wp-content\plugins\meeting-scheduler-by-vcita\vcita-widgets-functions.php on line 45
[19-Jun-2026 16:41:52 UTC] PHP Warning:  Undefined array key "uid" in C:\Users\navne\Local Sites\acm-local\app\public\wp-content\plugins\meeting-scheduler-by-vcita\vcita-widgets-functions.php on line 45
[19-Jun-2026 16:46:47 UTC] PHP Warning:  Undefined array key "uid" in C:\Users\navne\Local Sites\acm-local\app\public\wp-content\plugins\meeting-scheduler-by-vcita\vcita-widgets-functions.php on line 45
[19-Jun-2026 16:47:58 UTC] PHP Warning:  Undefined array key "uid" in C:\Users\navne\Local Sites\acm-local\app\public\wp-content\plugins\meeting-scheduler-by-vcita\vcita-widgets-functions.php on line 45
[19-Jun-2026 16:48:00 UTC] PHP Warning:  Undefined array key "uid" in C:\Users\navne\Local Sites\acm-local\app\public\wp-content\plugins\meeting-scheduler-by-vcita\vcita-widgets-functions.php on line 45
[19-Jun-2026 17:09:12 UTC] Cron reschedule event error for hook: wpfts_indexer_event, Error code: could_not_set, Error message: The cron event list could not be saved., Data: {"schedule":"wpfts_each_minute","args":[],"interval":60}
[19-Jun-2026 17:11:12 UTC] Cron reschedule event error for hook: wpfts_indexer_event, Error code: could_not_set, Error message: The cron event list could not be saved., Data: {"schedule":"wpfts_each_minute","args":[],"interval":60}
[19-Jun-2026 17:11:12 UTC] Cron unschedule event error for hook: wpfts_indexer_event, Error code: could_not_set, Error message: The cron event list could not be saved., Data: {"schedule":"wpfts_each_minute","args":[],"interval":60}
[19-Jun-2026 17:13:12 UTC] Cron reschedule event error for hook: wpfts_indexer_event, Error code: could_not_set, Error message: The cron event list could not be saved., Data: {"schedule":"wpfts_each_minute","args":[],"interval":60}
[19-Jun-2026 17:13:12 UTC] Cron unschedule event error for hook: wpfts_indexer_event, Error code: could_not_set, Error message: The cron event list could not be saved., Data: {"schedule":"wpfts_each_minute","args":[],"interval":60}
[19-Jun-2026 17:15:12 UTC] Cron reschedule event error for hook: action_scheduler_run_queue, Error code: could_not_set, Error message: The cron event list could not be saved., Data: {"schedule":"every_minute","args":["WP Cron"],"interval":60}
[19-Jun-2026 17:15:12 UTC] Cron reschedule event error for hook: wpfts_indexer_event, Error code: could_not_set, Error message: The cron event list could not be saved., Data: {"schedule":"wpfts_each_minute","args":[],"interval":60}
[19-Jun-2026 17:25:12 UTC] Cron reschedule event error for hook: action_scheduler_run_queue, Error code: could_not_set, Error message: The cron event list could not be saved., Data: {"schedule":"every_minute","args":["WP Cron"],"interval":60}
[19-Jun-2026 17:25:12 UTC] Cron reschedule event error for hook: wpfts_indexer_event, Error code: could_not_set, Error message: The cron event list could not be saved., Data: {"schedule":"wpfts_each_minute","args":[],"interval":60}
[19-Jun-2026 21:28:21 UTC] PHP Warning:  Undefined array key "uid" in C:\Users\navne\Local Sites\acm-local\app\public\wp-content\plugins\meeting-scheduler-by-vcita\vcita-widgets-functions.php on line 45
[19-Jun-2026 21:28:23 UTC] PHP Warning:  Undefined array key "uid" in C:\Users\navne\Local Sites\acm-local\app\public\wp-content\plugins\meeting-scheduler-by-vcita\vcita-widgets-functions.php on line 45
[19-Jun-2026 21:28:39 UTC] PHP Warning:  Undefined array key "uid" in C:\Users\navne\Local Sites\acm-local\app\public\wp-content\plugins\meeting-scheduler-by-vcita\vcita-widgets-functions.php on line 45
[19-Jun-2026 21:28:50 UTC] PHP Warning:  Undefined array key "uid" in C:\Users\navne\Local Sites\acm-local\app\public\wp-content\plugins\meeting-scheduler-by-vcita\vcita-widgets-functions.php on line 45
[19-Jun-2026 21:29:01 UTC] PHP Warning:  Undefined array key "uid" in C:\Users\navne\Local Sites\acm-local\app\public\wp-content\plugins\meeting-scheduler-by-vcita\vcita-widgets-functions.php on line 45
[19-Jun-2026 21:29:02 UTC] PHP Warning:  Undefined array key "uid" in C:\Users\navne\Local Sites\acm-local\app\public\wp-content\plugins\meeting-scheduler-by-vcita\vcita-widgets-functions.php on line 45
[19-Jun-2026 21:30:31 UTC] PHP Warning:  Undefined array key "uid" in C:\Users\navne\Local Sites\acm-local\app\public\wp-content\plugins\meeting-scheduler-by-vcita\vcita-widgets-functions.php on line 45
[19-Jun-2026 21:30:37 UTC] PHP Warning:  Undefined array key "uid" in C:\Users\navne\Local Sites\acm-local\app\public\wp-content\plugins\meeting-scheduler-by-vcita\vcita-widgets-functions.php on line 45
[19-Jun-2026 21:31:33 UTC] PHP Warning:  Undefined array key "uid" in C:\Users\navne\Local Sites\acm-local\app\public\wp-content\plugins\meeting-scheduler-by-vcita\vcita-widgets-functions.php on line 45
[19-Jun-2026 21:32:57 UTC] PHP Warning:  Undefined array key "uid" in C:\Users\navne\Local Sites\acm-local\app\public\wp-content\plugins\meeting-scheduler-by-vcita\vcita-widgets-functions.php on line 45
[19-Jun-2026 21:35:16 UTC] PHP Warning:  Undefined array key "uid" in C:\Users\navne\Local Sites\acm-local\app\public\wp-content\plugins\meeting-scheduler-by-vcita\vcita-widgets-functions.php on line 45
[19-Jun-2026 21:35:54 UTC] PHP Warning:  Undefined array key "uid" in C:\Users\navne\Local Sites\acm-local\app\public\wp-content\plugins\meeting-scheduler-by-vcita\vcita-widgets-functions.php on line 45
[19-Jun-2026 21:35:59 UTC] PHP Warning:  Undefined array key "uid" in C:\Users\navne\Local Sites\acm-local\app\public\wp-content\plugins\meeting-scheduler-by-vcita\vcita-widgets-functions.php on line 45
[19-Jun-2026 21:36:01 UTC] PHP Warning:  Undefined array key "uid" in C:\Users\navne\Local Sites\acm-local\app\public\wp-content\plugins\meeting-scheduler-by-vcita\vcita-widgets-functions.php on line 45
[19-Jun-2026 21:37:11 UTC] PHP Warning:  Undefined array key "uid" in C:\Users\navne\Local Sites\acm-local\app\public\wp-content\plugins\meeting-scheduler-by-vcita\vcita-widgets-functions.php on line 45
[19-Jun-2026 21:38:04 UTC] PHP Warning:  Undefined array key "uid" in C:\Users\navne\Local Sites\acm-local\app\public\wp-content\plugins\meeting-scheduler-by-vcita\vcita-widgets-functions.php on line 45
[19-Jun-2026 21:39:56 UTC] PHP Warning:  Undefined array key "uid" in C:\Users\navne\Local Sites\acm-local\app\public\wp-content\plugins\meeting-scheduler-by-vcita\vcita-widgets-functions.php on line 45
[19-Jun-2026 21:42:16 UTC] PHP Warning:  Undefined array key "uid" in C:\Users\navne\Local Sites\acm-local\app\public\wp-content\plugins\meeting-scheduler-by-vcita\vcita-widgets-functions.php on line 45
[19-Jun-2026 21:42:40 UTC] PHP Warning:  Undefined array key "uid" in C:\Users\navne\Local Sites\acm-local\app\public\wp-content\plugins\meeting-scheduler-by-vcita\vcita-widgets-functions.php on line 45
[19-Jun-2026 21:44:32 UTC] PHP Warning:  Undefined array key "uid" in C:\Users\navne\Local Sites\acm-local\app\public\wp-content\plugins\meeting-scheduler-by-vcita\vcita-widgets-functions.php on line 45
[19-Jun-2026 21:46:26 UTC] PHP Warning:  Undefined array key "uid" in C:\Users\navne\Local Sites\acm-local\app\public\wp-content\plugins\meeting-scheduler-by-vcita\vcita-widgets-functions.php on line 45
[19-Jun-2026 21:48:08 UTC] PHP Warning:  Undefined array key "uid" in C:\Users\navne\Local Sites\acm-local\app\public\wp-content\plugins\meeting-scheduler-by-vcita\vcita-widgets-functions.php on line 45
[19-Jun-2026 22:02:12 UTC] PHP Warning:  Undefined array key "uid" in C:\Users\navne\Local Sites\acm-local\app\public\wp-content\plugins\meeting-scheduler-by-vcita\vcita-widgets-functions.php on line 45
[19-Jun-2026 22:03:58 UTC] PHP Warning:  Undefined array key "uid" in C:\Users\navne\Local Sites\acm-local\app\public\wp-content\plugins\meeting-scheduler-by-vcita\vcita-widgets-functions.php on line 45
[19-Jun-2026 22:05:04 UTC] PHP Warning:  Undefined array key "uid" in C:\Users\navne\Local Sites\acm-local\app\public\wp-content\plugins\meeting-scheduler-by-vcita\vcita-widgets-functions.php on line 45
[19-Jun-2026 22:11:05 UTC] PHP Warning:  Undefined array key "uid" in C:\Users\navne\Local Sites\acm-local\app\public\wp-content\plugins\meeting-scheduler-by-vcita\vcita-widgets-functions.php on line 45
[19-Jun-2026 22:12:31 UTC] PHP Warning:  Undefined array key "uid" in C:\Users\navne\Local Sites\acm-local\app\public\wp-content\plugins\meeting-scheduler-by-vcita\vcita-widgets-functions.php on line 45
[19-Jun-2026 22:13:04 UTC] PHP Warning:  Undefined array key "uid" in C:\Users\navne\Local Sites\acm-local\app\public\wp-content\plugins\meeting-scheduler-by-vcita\vcita-widgets-functions.php on line 45
[19-Jun-2026 22:13:10 UTC] PHP Warning:  Undefined array key "uid" in C:\Users\navne\Local Sites\acm-local\app\public\wp-content\plugins\meeting-scheduler-by-vcita\vcita-widgets-functions.php on line 45
[19-Jun-2026 22:13:16 UTC] PHP Warning:  Undefined array key "uid" in C:\Users\navne\Local Sites\acm-local\app\public\wp-content\plugins\meeting-scheduler-by-vcita\vcita-widgets-functions.php on line 45
[19-Jun-2026 22:13:55 UTC] PHP Warning:  Undefined array key "uid" in C:\Users\navne\Local Sites\acm-local\app\public\wp-content\plugins\meeting-scheduler-by-vcita\vcita-widgets-functions.php on line 45
[19-Jun-2026 22:18:29 UTC] PHP Warning:  Undefined array key "uid" in C:\Users\navne\Local Sites\acm-local\app\public\wp-content\plugins\meeting-scheduler-by-vcita\vcita-widgets-functions.php on line 45
[19-Jun-2026 22:23:29 UTC] PHP Warning:  Undefined array key "uid" in C:\Users\navne\Local Sites\acm-local\app\public\wp-content\plugins\meeting-scheduler-by-vcita\vcita-widgets-functions.php on line 45
[19-Jun-2026 22:24:27 UTC] PHP Warning:  Undefined array key "uid" in C:\Users\navne\Local Sites\acm-local\app\public\wp-content\plugins\meeting-scheduler-by-vcita\vcita-widgets-functions.php on line 45
[19-Jun-2026 22:25:01 UTC] PHP Warning:  Undefined array key "uid" in C:\Users\navne\Local Sites\acm-local\app\public\wp-content\plugins\meeting-scheduler-by-vcita\vcita-widgets-functions.php on line 45
[19-Jun-2026 22:26:32 UTC] PHP Warning:  Undefined array key "uid" in C:\Users\navne\Local Sites\acm-local\app\public\wp-content\plugins\meeting-scheduler-by-vcita\vcita-widgets-functions.php on line 45
[19-Jun-2026 22:26:54 UTC] PHP Warning:  Undefined array key "uid" in C:\Users\navne\Local Sites\acm-local\app\public\wp-content\plugins\meeting-scheduler-by-vcita\vcita-widgets-functions.php on line 45
[19-Jun-2026 22:27:41 UTC] PHP Warning:  Undefined array key "uid" in C:\Users\navne\Local Sites\acm-local\app\public\wp-content\plugins\meeting-scheduler-by-vcita\vcita-widgets-functions.php on line 45
[19-Jun-2026 22:27:42 UTC] PHP Warning:  Undefined array key "uid" in C:\Users\navne\Local Sites\acm-local\app\public\wp-content\plugins\meeting-scheduler-by-vcita\vcita-widgets-functions.php on line 45
[19-Jun-2026 22:27:44 UTC] PHP Warning:  Undefined array key "uid" in C:\Users\navne\Local Sites\acm-local\app\public\wp-content\plugins\meeting-scheduler-by-vcita\vcita-widgets-functions.php on line 45
[19-Jun-2026 22:27:55 UTC] PHP Warning:  Undefined array key "uid" in C:\Users\navne\Local Sites\acm-local\app\public\wp-content\plugins\meeting-scheduler-by-vcita\vcita-widgets-functions.php on line 45
[19-Jun-2026 22:28:06 UTC] PHP Warning:  Undefined array key "uid" in C:\Users\navne\Local Sites\acm-local\app\public\wp-content\plugins\meeting-scheduler-by-vcita\vcita-widgets-functions.php on line 45
[19-Jun-2026 22:29:14 UTC] PHP Warning:  Undefined array key "uid" in C:\Users\navne\Local Sites\acm-local\app\public\wp-content\plugins\meeting-scheduler-by-vcita\vcita-widgets-functions.php on line 45
[19-Jun-2026 22:31:39 UTC] PHP Warning:  Undefined array key "uid" in C:\Users\navne\Local Sites\acm-local\app\public\wp-content\plugins\meeting-scheduler-by-vcita\vcita-widgets-functions.php on line 45
[19-Jun-2026 22:33:42 UTC] PHP Warning:  Undefined array key "uid" in C:\Users\navne\Local Sites\acm-local\app\public\wp-content\plugins\meeting-scheduler-by-vcita\vcita-widgets-functions.php on line 45
[19-Jun-2026 22:35:31 UTC] PHP Warning:  Undefined array key "uid" in C:\Users\navne\Local Sites\acm-local\app\public\wp-content\plugins\meeting-scheduler-by-vcita\vcita-widgets-functions.php on line 45
[19-Jun-2026 22:36:55 UTC] PHP Warning:  Undefined array key "uid" in C:\Users\navne\Local Sites\acm-local\app\public\wp-content\plugins\meeting-scheduler-by-vcita\vcita-widgets-functions.php on line 45
[19-Jun-2026 22:37:06 UTC] PHP Warning:  Undefined array key "uid" in C:\Users\navne\Local Sites\acm-local\app\public\wp-content\plugins\meeting-scheduler-by-vcita\vcita-widgets-functions.php on line 45
[19-Jun-2026 22:39:55 UTC] PHP Warning:  Undefined array key "uid" in C:\Users\navne\Local Sites\acm-local\app\public\wp-content\plugins\meeting-scheduler-by-vcita\vcita-widgets-functions.php on line 45
[19-Jun-2026 22:45:12 UTC] PHP Warning:  Undefined array key "uid" in C:\Users\navne\Local Sites\acm-local\app\public\wp-content\plugins\meeting-scheduler-by-vcita\vcita-widgets-functions.php on line 45
[19-Jun-2026 22:45:46 UTC] PHP Warning:  Undefined array key "uid" in C:\Users\navne\Local Sites\acm-local\app\public\wp-content\plugins\meeting-scheduler-by-vcita\vcita-widgets-functions.php on line 45
[19-Jun-2026 22:45:48 UTC] PHP Warning:  Attempt to read property "post_type" on null in E:\acmwindia\acm\functions.php on line 171
[19-Jun-2026 22:45:48 UTC] PHP Warning:  Attempt to read property "post_type" on null in E:\acmwindia\acm\functions.php on line 171
[19-Jun-2026 22:45:55 UTC] PHP Warning:  Undefined array key "uid" in C:\Users\navne\Local Sites\acm-local\app\public\wp-content\plugins\meeting-scheduler-by-vcita\vcita-widgets-functions.php on line 45
[19-Jun-2026 22:45:56 UTC] PHP Warning:  Undefined array key "uid" in C:\Users\navne\Local Sites\acm-local\app\public\wp-content\plugins\meeting-scheduler-by-vcita\vcita-widgets-functions.php on line 45
[19-Jun-2026 22:45:56 UTC] PHP Warning:  Undefined array key "uid" in C:\Users\navne\Local Sites\acm-local\app\public\wp-content\plugins\meeting-scheduler-by-vcita\vcita-widgets-functions.php on line 45
[19-Jun-2026 22:45:59 UTC] PHP Warning:  Undefined array key "uid" in C:\Users\navne\Local Sites\acm-local\app\public\wp-content\plugins\meeting-scheduler-by-vcita\vcita-widgets-functions.php on line 45
[19-Jun-2026 22:46:05 UTC] PHP Warning:  Undefined array key "uid" in C:\Users\navne\Local Sites\acm-local\app\public\wp-content\plugins\meeting-scheduler-by-vcita\vcita-widgets-functions.php on line 45
[19-Jun-2026 22:46:38 UTC] PHP Warning:  Attempt to read property "post_type" on null in E:\acmwindia\acm\functions.php on line 171
[19-Jun-2026 22:46:39 UTC] PHP Warning:  Attempt to read property "post_type" on null in E:\acmwindia\acm\functions.php on line 171
[19-Jun-2026 22:46:41 UTC] PHP Warning:  Undefined array key "uid" in C:\Users\navne\Local Sites\acm-local\app\public\wp-content\plugins\meeting-scheduler-by-vcita\vcita-widgets-functions.php on line 45
[19-Jun-2026 22:46:43 UTC] PHP Warning:  Undefined array key "uid" in C:\Users\navne\Local Sites\acm-local\app\public\wp-content\plugins\meeting-scheduler-by-vcita\vcita-widgets-functions.php on line 45
[19-Jun-2026 22:46:44 UTC] PHP Warning:  Undefined array key "uid" in C:\Users\navne\Local Sites\acm-local\app\public\wp-content\plugins\meeting-scheduler-by-vcita\vcita-widgets-functions.php on line 45
[19-Jun-2026 22:46:45 UTC] PHP Warning:  Undefined array key "uid" in C:\Users\navne\Local Sites\acm-local\app\public\wp-content\plugins\meeting-scheduler-by-vcita\vcita-widgets-functions.php on line 45
[19-Jun-2026 22:46:47 UTC] PHP Warning:  Undefined array key "uid" in C:\Users\navne\Local Sites\acm-local\app\public\wp-content\plugins\meeting-scheduler-by-vcita\vcita-widgets-functions.php on line 45
[19-Jun-2026 22:46:48 UTC] PHP Warning:  Attempt to read property "post_type" on null in E:\acmwindia\acm\functions.php on line 171
[19-Jun-2026 22:46:49 UTC] PHP Warning:  Attempt to read property "post_type" on null in E:\acmwindia\acm\functions.php on line 171
[19-Jun-2026 22:46:50 UTC] PHP Warning:  Undefined array key "uid" in C:\Users\navne\Local Sites\acm-local\app\public\wp-content\plugins\meeting-scheduler-by-vcita\vcita-widgets-functions.php on line 45
[19-Jun-2026 22:46:52 UTC] PHP Warning:  Undefined array key "uid" in C:\Users\navne\Local Sites\acm-local\app\public\wp-content\plugins\meeting-scheduler-by-vcita\vcita-widgets-functions.php on line 45
[19-Jun-2026 22:46:54 UTC] PHP Warning:  Undefined array key "uid" in C:\Users\navne\Local Sites\acm-local\app\public\wp-content\plugins\meeting-scheduler-by-vcita\vcita-widgets-functions.php on line 45
[19-Jun-2026 22:47:44 UTC] PHP Warning:  Undefined array key "uid" in C:\Users\navne\Local Sites\acm-local\app\public\wp-content\plugins\meeting-scheduler-by-vcita\vcita-widgets-functions.php on line 45
[19-Jun-2026 22:47:46 UTC] PHP Warning:  Undefined array key "uid" in C:\Users\navne\Local Sites\acm-local\app\public\wp-content\plugins\meeting-scheduler-by-vcita\vcita-widgets-functions.php on line 45
[19-Jun-2026 22:47:46 UTC] PHP Warning:  Undefined array key "uid" in C:\Users\navne\Local Sites\acm-local\app\public\wp-content\plugins\meeting-scheduler-by-vcita\vcita-widgets-functions.php on line 45
[19-Jun-2026 22:47:47 UTC] PHP Warning:  Undefined array key "uid" in C:\Users\navne\Local Sites\acm-local\app\public\wp-content\plugins\meeting-scheduler-by-vcita\vcita-widgets-functions.php on line 45
[19-Jun-2026 22:47:48 UTC] PHP Warning:  Undefined array key "uid" in C:\Users\navne\Local Sites\acm-local\app\public\wp-content\plugins\meeting-scheduler-by-vcita\vcita-widgets-functions.php on line 45
[19-Jun-2026 22:47:49 UTC] PHP Warning:  Attempt to read property "post_type" on null in E:\acmwindia\acm\functions.php on line 171
[19-Jun-2026 22:47:50 UTC] PHP Warning:  Attempt to read property "post_type" on null in E:\acmwindia\acm\functions.php on line 171
[19-Jun-2026 22:47:50 UTC] PHP Warning:  Undefined array key "uid" in C:\Users\navne\Local Sites\acm-local\app\public\wp-content\plugins\meeting-scheduler-by-vcita\vcita-widgets-functions.php on line 45
[19-Jun-2026 22:47:51 UTC] PHP Warning:  Undefined array key "uid" in C:\Users\navne\Local Sites\acm-local\app\public\wp-content\plugins\meeting-scheduler-by-vcita\vcita-widgets-functions.php on line 45
[19-Jun-2026 22:47:53 UTC] PHP Warning:  Undefined array key "uid" in C:\Users\navne\Local Sites\acm-local\app\public\wp-content\plugins\meeting-scheduler-by-vcita\vcita-widgets-functions.php on line 45
[19-Jun-2026 22:47:54 UTC] PHP Warning:  Attempt to read property "post_type" on null in E:\acmwindia\acm\functions.php on line 171
[19-Jun-2026 22:47:55 UTC] PHP Warning:  Undefined array key "uid" in C:\Users\navne\Local Sites\acm-local\app\public\wp-content\plugins\meeting-scheduler-by-vcita\vcita-widgets-functions.php on line 45
[19-Jun-2026 22:47:56 UTC] PHP Warning:  Undefined array key "uid" in C:\Users\navne\Local Sites\acm-local\app\public\wp-content\plugins\meeting-scheduler-by-vcita\vcita-widgets-functions.php on line 45
[19-Jun-2026 22:47:57 UTC] PHP Warning:  Undefined array key "uid" in C:\Users\navne\Local Sites\acm-local\app\public\wp-content\plugins\meeting-scheduler-by-vcita\vcita-widgets-functions.php on line 45
[19-Jun-2026 22:48:51 UTC] PHP Warning:  Attempt to read property "post_type" on null in E:\acmwindia\acm\functions.php on line 171
[19-Jul-2026 03:25:42 UTC] PHP Warning:  Undefined array key "uid" in C:\Users\navne\Local Sites\acm-local\app\public\wp-content\plugins\meeting-scheduler-by-vcita\vcita-widgets-functions.php on line 45
[19-Jul-2026 03:25:58 UTC] PHP Warning:  Undefined array key "uid" in C:\Users\navne\Local Sites\acm-local\app\public\wp-content\plugins\meeting-scheduler-by-vcita\vcita-widgets-functions.php on line 45
[19-Jul-2026 03:39:15 UTC] PHP Warning:  Undefined array key "uid" in C:\Users\navne\Local Sites\acm-local\app\public\wp-content\plugins\meeting-scheduler-by-vcita\vcita-widgets-functions.php on line 45
[19-Jul-2026 03:44:35 UTC] PHP Warning:  Undefined array key "uid" in C:\Users\navne\Local Sites\acm-local\app\public\wp-content\plugins\meeting-scheduler-by-vcita\vcita-widgets-functions.php on line 45
[19-Jul-2026 03:45:22 UTC] PHP Warning:  Undefined array key "uid" in C:\Users\navne\Local Sites\acm-local\app\public\wp-content\plugins\meeting-scheduler-by-vcita\vcita-widgets-functions.php on line 45
[19-Jul-2026 03:45:29 UTC] PHP Warning:  Undefined array key "uid" in C:\Users\navne\Local Sites\acm-local\app\public\wp-content\plugins\meeting-scheduler-by-vcita\vcita-widgets-functions.php on line 45
[19-Jul-2026 03:45:58 UTC] PHP Warning:  Undefined array key "uid" in C:\Users\navne\Local Sites\acm-local\app\public\wp-content\plugins\meeting-scheduler-by-vcita\vcita-widgets-functions.php on line 45
[19-Jul-2026 03:45:59 UTC] PHP Warning:  Undefined array key "uid" in C:\Users\navne\Local Sites\acm-local\app\public\wp-content\plugins\meeting-scheduler-by-vcita\vcita-widgets-functions.php on line 45
[19-Jul-2026 03:46:28 UTC] PHP Warning:  Undefined array key "uid" in C:\Users\navne\Local Sites\acm-local\app\public\wp-content\plugins\meeting-scheduler-by-vcita\vcita-widgets-functions.php on line 45
[19-Jul-2026 03:46:29 UTC] PHP Warning:  Undefined array key "uid" in C:\Users\navne\Local Sites\acm-local\app\public\wp-content\plugins\meeting-scheduler-by-vcita\vcita-widgets-functions.php on line 45
[19-Jul-2026 03:57:03 UTC] PHP Warning:  Undefined array key "uid" in C:\Users\navne\Local Sites\acm-local\app\public\wp-content\plugins\meeting-scheduler-by-vcita\vcita-widgets-functions.php on line 45
[19-Jul-2026 04:01:12 UTC] PHP Warning:  Undefined array key "uid" in C:\Users\navne\Local Sites\acm-local\app\public\wp-content\plugins\meeting-scheduler-by-vcita\vcita-widgets-functions.php on line 45
[19-Jul-2026 04:02:43 UTC] PHP Warning:  Undefined array key "uid" in C:\Users\navne\Local Sites\acm-local\app\public\wp-content\plugins\meeting-scheduler-by-vcita\vcita-widgets-functions.php on line 45
[19-Jul-2026 04:05:39 UTC] PHP Warning:  Undefined array key "uid" in C:\Users\navne\Local Sites\acm-local\app\public\wp-content\plugins\meeting-scheduler-by-vcita\vcita-widgets-functions.php on line 45
[19-Jul-2026 04:07:34 UTC] PHP Warning:  Undefined array key "uid" in C:\Users\navne\Local Sites\acm-local\app\public\wp-content\plugins\meeting-scheduler-by-vcita\vcita-widgets-functions.php on line 45
[19-Jul-2026 04:23:01 UTC] PHP Warning:  Undefined array key "uid" in C:\Users\navne\Local Sites\acm-local\app\public\wp-content\plugins\meeting-scheduler-by-vcita\vcita-widgets-functions.php on line 45
[19-Jul-2026 04:24:48 UTC] PHP Warning:  Undefined array key "uid" in C:\Users\navne\Local Sites\acm-local\app\public\wp-content\plugins\meeting-scheduler-by-vcita\vcita-widgets-functions.php on line 45
[19-Jul-2026 04:27:37 UTC] PHP Warning:  Undefined array key "uid" in C:\Users\navne\Local Sites\acm-local\app\public\wp-content\plugins\meeting-scheduler-by-vcita\vcita-widgets-functions.php on line 45
[19-Jul-2026 04:28:20 UTC] PHP Warning:  Undefined array key "uid" in C:\Users\navne\Local Sites\acm-local\app\public\wp-content\plugins\meeting-scheduler-by-vcita\vcita-widgets-functions.php on line 45
[19-Jul-2026 04:31:33 UTC] PHP Warning:  Undefined array key "uid" in C:\Users\navne\Local Sites\acm-local\app\public\wp-content\plugins\meeting-scheduler-by-vcita\vcita-widgets-functions.php on line 45
[19-Jul-2026 04:32:58 UTC] PHP Warning:  Undefined array key "uid" in C:\Users\navne\Local Sites\acm-local\app\public\wp-content\plugins\meeting-scheduler-by-vcita\vcita-widgets-functions.php on line 45
[19-Jul-2026 04:33:05 UTC] PHP Warning:  Undefined array key "uid" in C:\Users\navne\Local Sites\acm-local\app\public\wp-content\plugins\meeting-scheduler-by-vcita\vcita-widgets-functions.php on line 45
[19-Jul-2026 04:35:16 UTC] PHP Warning:  Undefined array key "uid" in C:\Users\navne\Local Sites\acm-local\app\public\wp-content\plugins\meeting-scheduler-by-vcita\vcita-widgets-functions.php on line 45
[19-Jul-2026 04:35:34 UTC] PHP Warning:  Undefined array key "uid" in C:\Users\navne\Local Sites\acm-local\app\public\wp-content\plugins\meeting-scheduler-by-vcita\vcita-widgets-functions.php on line 45
[19-Jul-2026 04:35:35 UTC] PHP Warning:  Undefined array key "uid" in C:\Users\navne\Local Sites\acm-local\app\public\wp-content\plugins\meeting-scheduler-by-vcita\vcita-widgets-functions.php on line 45
[19-Jul-2026 05:46:47 UTC] PHP Warning:  Undefined array key "uid" in C:\Users\navne\Local Sites\acm-local\app\public\wp-content\plugins\meeting-scheduler-by-vcita\vcita-widgets-functions.php on line 45
[19-Jul-2026 05:47:41 UTC] PHP Warning:  Undefined array key "uid" in C:\Users\navne\Local Sites\acm-local\app\public\wp-content\plugins\meeting-scheduler-by-vcita\vcita-widgets-functions.php on line 45
[19-Jul-2026 06:16:35 UTC] PHP Warning:  Undefined array key "uid" in C:\Users\navne\Local Sites\acm-local\app\public\wp-content\plugins\meeting-scheduler-by-vcita\vcita-widgets-functions.php on line 45
[19-Jul-2026 06:17:40 UTC] PHP Warning:  Undefined array key "uid" in C:\Users\navne\Local Sites\acm-local\app\public\wp-content\plugins\meeting-scheduler-by-vcita\vcita-widgets-functions.php on line 45
[19-Jul-2026 06:24:17 UTC] PHP Warning:  Undefined array key "uid" in C:\Users\navne\Local Sites\acm-local\app\public\wp-content\plugins\meeting-scheduler-by-vcita\vcita-widgets-functions.php on line 45
[19-Jul-2026 06:25:32 UTC] PHP Warning:  Undefined array key "uid" in C:\Users\navne\Local Sites\acm-local\app\public\wp-content\plugins\meeting-scheduler-by-vcita\vcita-widgets-functions.php on line 45
[19-Jul-2026 06:27:36 UTC] PHP Warning:  Undefined array key "uid" in C:\Users\navne\Local Sites\acm-local\app\public\wp-content\plugins\meeting-scheduler-by-vcita\vcita-widgets-functions.php on line 45
[19-Jul-2026 06:30:50 UTC] PHP Warning:  Undefined array key "uid" in C:\Users\navne\Local Sites\acm-local\app\public\wp-content\plugins\meeting-scheduler-by-vcita\vcita-widgets-functions.php on line 45
[19-Jul-2026 06:31:01 UTC] PHP Warning:  Undefined array key "uid" in C:\Users\navne\Local Sites\acm-local\app\public\wp-content\plugins\meeting-scheduler-by-vcita\vcita-widgets-functions.php on line 45
[19-Jul-2026 06:32:02 UTC] PHP Warning:  Undefined array key "uid" in C:\Users\navne\Local Sites\acm-local\app\public\wp-content\plugins\meeting-scheduler-by-vcita\vcita-widgets-functions.php on line 45
[19-Jul-2026 06:34:24 UTC] PHP Warning:  Undefined array key "uid" in C:\Users\navne\Local Sites\acm-local\app\public\wp-content\plugins\meeting-scheduler-by-vcita\vcita-widgets-functions.php on line 45
[19-Jul-2026 06:34:31 UTC] PHP Warning:  Undefined array key "uid" in C:\Users\navne\Local Sites\acm-local\app\public\wp-content\plugins\meeting-scheduler-by-vcita\vcita-widgets-functions.php on line 45
[19-Jul-2026 06:35:17 UTC] PHP Warning:  Undefined array key "uid" in C:\Users\navne\Local Sites\acm-local\app\public\wp-content\plugins\meeting-scheduler-by-vcita\vcita-widgets-functions.php on line 45
[19-Jul-2026 06:36:03 UTC] PHP Warning:  Undefined array key "uid" in C:\Users\navne\Local Sites\acm-local\app\public\wp-content\plugins\meeting-scheduler-by-vcita\vcita-widgets-functions.php on line 45
[19-Jul-2026 06:37:33 UTC] PHP Warning:  Undefined array key "uid" in C:\Users\navne\Local Sites\acm-local\app\public\wp-content\plugins\meeting-scheduler-by-vcita\vcita-widgets-functions.php on line 45
[19-Jul-2026 06:38:02 UTC] PHP Warning:  Undefined array key "uid" in C:\Users\navne\Local Sites\acm-local\app\public\wp-content\plugins\meeting-scheduler-by-vcita\vcita-widgets-functions.php on line 45
[19-Jul-2026 06:38:07 UTC] PHP Warning:  Undefined array key "uid" in C:\Users\navne\Local Sites\acm-local\app\public\wp-content\plugins\meeting-scheduler-by-vcita\vcita-widgets-functions.php on line 45
[19-Jul-2026 06:39:51 UTC] PHP Warning:  Undefined array key "uid" in C:\Users\navne\Local Sites\acm-local\app\public\wp-content\plugins\meeting-scheduler-by-vcita\vcita-widgets-functions.php on line 45
[19-Jul-2026 06:40:11 UTC] PHP Warning:  Undefined array key "uid" in C:\Users\navne\Local Sites\acm-local\app\public\wp-content\plugins\meeting-scheduler-by-vcita\vcita-widgets-functions.php on line 45
[19-Jul-2026 06:41:41 UTC] PHP Warning:  Undefined array key "uid" in C:\Users\navne\Local Sites\acm-local\app\public\wp-content\plugins\meeting-scheduler-by-vcita\vcita-widgets-functions.php on line 45
[19-Jul-2026 06:41:51 UTC] PHP Warning:  Undefined array key "uid" in C:\Users\navne\Local Sites\acm-local\app\public\wp-content\plugins\meeting-scheduler-by-vcita\vcita-widgets-functions.php on line 45
[19-Jul-2026 06:42:13 UTC] PHP Warning:  Undefined array key "uid" in C:\Users\navne\Local Sites\acm-local\app\public\wp-content\plugins\meeting-scheduler-by-vcita\vcita-widgets-functions.php on line 45
[19-Jul-2026 06:43:19 UTC] PHP Warning:  Undefined array key "uid" in C:\Users\navne\Local Sites\acm-local\app\public\wp-content\plugins\meeting-scheduler-by-vcita\vcita-widgets-functions.php on line 45
[19-Jul-2026 06:43:29 UTC] PHP Warning:  Undefined array key "uid" in C:\Users\navne\Local Sites\acm-local\app\public\wp-content\plugins\meeting-scheduler-by-vcita\vcita-widgets-functions.php on line 45
[19-Jul-2026 06:43:34 UTC] PHP Warning:  Undefined array key "uid" in C:\Users\navne\Local Sites\acm-local\app\public\wp-content\plugins\meeting-scheduler-by-vcita\vcita-widgets-functions.php on line 45
[19-Jul-2026 06:43:57 UTC] PHP Warning:  Undefined array key "uid" in C:\Users\navne\Local Sites\acm-local\app\public\wp-content\plugins\meeting-scheduler-by-vcita\vcita-widgets-functions.php on line 45
[19-Jul-2026 06:43:59 UTC] PHP Warning:  Undefined array key "uid" in C:\Users\navne\Local Sites\acm-local\app\public\wp-content\plugins\meeting-scheduler-by-vcita\vcita-widgets-functions.php on line 45
[19-Jul-2026 06:44:04 UTC] PHP Warning:  Undefined array key "uid" in C:\Users\navne\Local Sites\acm-local\app\public\wp-content\plugins\meeting-scheduler-by-vcita\vcita-widgets-functions.php on line 45
[19-Jul-2026 06:44:15 UTC] PHP Warning:  Undefined array key "uid" in C:\Users\navne\Local Sites\acm-local\app\public\wp-content\plugins\meeting-scheduler-by-vcita\vcita-widgets-functions.php on line 45
[19-Jul-2026 06:44:22 UTC] PHP Warning:  Undefined array key "uid" in C:\Users\navne\Local Sites\acm-local\app\public\wp-content\plugins\meeting-scheduler-by-vcita\vcita-widgets-functions.php on line 45
[19-Jul-2026 06:44:33 UTC] PHP Warning:  Undefined array key "uid" in C:\Users\navne\Local Sites\acm-local\app\public\wp-content\plugins\meeting-scheduler-by-vcita\vcita-widgets-functions.php on line 45
[19-Jul-2026 06:47:27 UTC] PHP Warning:  Undefined array key "uid" in C:\Users\navne\Local Sites\acm-local\app\public\wp-content\plugins\meeting-scheduler-by-vcita\vcita-widgets-functions.php on line 45
[19-Jul-2026 06:49:58 UTC] PHP Warning:  Undefined array key "uid" in C:\Users\navne\Local Sites\acm-local\app\public\wp-content\plugins\meeting-scheduler-by-vcita\vcita-widgets-functions.php on line 45
